Workbook

Sheet TABLA_ORIGINAL
A1: Región | B1: PA | C1: Nombre | D1: Provincia | E1: Distrito | F1: Corregimiento | G1: Tipo UM | H1: Latitud | I1: Longitud | J1: Fecha de Activación
A2: 1 | B2: 1 | C2: Colegio Rogelio Josué Ibarra | D2: Bocas del Toro | E2: Bocas del Toro | F2: Bocas del Toro | G2: FO | H2: 9.340654 | I2: -82.242499 | J2: 12/07/2017
A3: 1 | B3: 3 | C3: Escuela República de Nicaragua | D3: Bocas del Toro | E3: Bocas del Toro | F3: Bocas del Toro | G3: FO | H3: 9.338938 | I3: -82.242668 | J3: 12/07/2017
A4: 1 | B4: 6 | C4: Col. Sec. de Almirante | D4: Bocas del Toro | E4: Almirante | F4: Puerto Almirante | G4: FO | H4: 9.299741 | I4: -82.413301 | J4: 10/07/2017
A5: 1 | B5: 7 | C5: Escuela Almirante | D5: Bocas del Toro | E5: Almirante | F5: Puerto Almirante | G5: FO | H5: 9.292715 | I5: -82.394887 | J5: 28/06/2017
A6: 1 | B6: 8 | C6: Escuela Barriada Guaymi | D6: Bocas del Toro | E6: Almirante | F6: Puerto Almirante | G6: FO | H6: 9.290074 | I6: -82.4044 | J6: 30/06/2017
A7: 1 | B7: 9 | C7: Escuela Berta López | D7: Bocas del Toro | E7: Almirante | F7: Puerto Almirante | G7: FO | H7: 9.29509 | I7: -82.404895 | J7: 29/06/2017
A8: 1 | B8: 10 | C8: Escuela Miraflores | D8: Bocas del Toro | E8: Almirante | F8: Puerto Almirante | G8: FO | H8: 9.305504 | I8: -82.437321 | J8: 10/07/2017
A9: 1 | B9: 11 | C9: Escuela Nuevo Paraíso | D9: Bocas del Toro | E9: Almirante | F9: Puerto Almirante | G9: FO | H9: 9.283946 | I9: -82.410794 | J9: 29/06/2017
A10: 1 | B10: 13 | C10: BDA | D10: Bocas del Toro | E10: Changuinola | F10: Changuinola | G10: FO | H10: 9.437215 | I10: -82.519311 | J10: 10/07/2017
A11: 1 | B11: 17 | C11: Escuela Finca 41 | D11: Bocas del Toro | E11: Changuinola | F11: Changuinola | G11: FO | H11: 9.471103 | I11: -82.513954 | J11: 27/06/2017
A12: 1 | B12: 19 | C12: Hospital Changuinola | D12: Bocas del Toro | E12: Changuinola | F12: Changuinola | G12: FO | H12: 9.449043 | I12: -82.516495 | J12: 29/06/2017
A13: 1 | B13: 20 | C13: Instituto Profesional y técnico de Bocas del Toro | D13: Bocas del Toro | E13: Changuinola | F13: Changuinola | G13: HFC | H13: 9.47141 | I13: -82.51574 | J13: 26/06/2017
... A105: 1 | B105: 122 | C105: Centro de Salud Cerro Punta | D105: Chiriquí | E105: Tierras Altas | F105: Cerro Punta | G105: FO | H105: 8.853529 | I105: -82.574 | J105: 31/05/2017
A106: 1 | B106: 123 | C106: Esc. Guadalupe/Fernando Eleta Almarán | D106: Chiriquí | E106: Bugaba | G106: FO | H106: 8.869177 | I106: -82.567344 | J106: 31/05/2017
A107: 1 | B107: 124 | C107: Esc. Nueva Suiza | D107: Chiriquí | E107: Tierras Altas | F107: Cerro Punta | G107: FO | H107: 8.792701 | I107: -82.628149 | J107: 27/07/2017
A108: 1 | B108: 125 | C108: Esc. Gómez | D108: Chiriquí | E108: Bugaba | F108: Gómez | G108: FO | H108: 8.562305 | I108: -82.740249 | J108: 20/06/2017
A109: 1 | B109: 126 | C109: Esc. San Miguel de Exquisito | D109: Chiriquí | E109: Bugaba | F109: Gómez | G109: FO | H109: 8.550083 | I109: -82.757749 | J109: 14/07/2017
A110: 1 | B110: 128 | C110: Biblioteca Catolica | D110: Chiriquí | E110: Bugaba | F110: La Concepción | G110: FO | H110: 8.516109 | I110: -82.623139 | J110: 18/05/2017
A111: 1 | B111: 129 | C111: Biblioteca Pública La Concepción CENTRO ACP | D111: Chiriquí | E111: Bugaba | F111: La Concepción | G111: FO | H111: 8.517397 | I111: -82.618121 | J111: 18/05/2017
A112: 1 | B112: 131 | C112: Centro Cristiano Bugaba | D112: Chiriquí | E112: Bugaba | F112: La Concepción | G112: FO | H112: 8.518749 | I112: -82.621191 | J112: 24/05/2017
A113: 1 | B113: 132 | C113: Esc. Cuesta de Piedra | D113: Chiriquí | E113: Bugaba | F113: La Concepción | G113: FO | H113: 8.677318 | I113: -82.624258 | J113: 27/07/2017
A114: 1 | B114: 133 | C114: Esc. de Solano | D114: Chiriquí | E114: Bugaba | F114: La Concepción | G114: FO | H114: 8.5158 | I114: -82.611886 | J114: 24/05/2017
A115: 1 | B115: 134 | C115: Esc. San Vicente | D115: Chiriquí | E115: Bugaba | F115: La Concepción | G115: FO | H115: 8.592583 | I115: -82.636638 | J115: 27/07/2017
A116: 1 | B116: 135 | C116: Escuela Belen | D116: Chiriquí | E116: Bugaba | F116: La Concepción | G116: FO | H116: 8.515317 | I116: -82.628042 | J116: 24/05/2017
A117: 1 | B117: 136 | C117: Escuela Daniel Octavio Crespo | D117: Chiriquí | E117: Bugaba | F117: La Concepción | G117: FO | H117: 8.520229 | I117: -82.627342 | J117: 18/05/2017
A118: 1 | B118: 137 | C118: I.P.T. Solano | D118: Chiriquí | E118: Bugaba | F118: La Concepción | G118: HFC | H118: 8.520659 | I118: -82.613268 | J118: 25/05/2017
... A132: 1 | B132: 154 | C132: Bomberos Volcán | D132: Chiriquí | E132: Tierras Altas | F132: Volcán | G132: FO | H132: 8.77505 | I132: -82.639017 | J132: 31/05/2017
A133: 1 | B133: 155 | C133: C.E.B.G. de Volcán | D133: Chiriquí | E133: Bugaba | G133: FO | H133: 8.775136 | I133: -82.639093 | J133: 31/05/2017
A134: 1 | B134: 156 | C134: Esc. El Bijao | D134: Chiriquí | E134: Bugaba | G134: FO | H134: 8.709527 | I134: -82.624415 | J134: 27/07/2017
A135: 1 | B135: 157 | C135: Esc. El Valle. | D135: Chiriquí | E135: Tierras Altas | F135: Volcán | G135: HFC | H135: 8.77267 | I135: -82.649088 | J135: 01/06/2017
A136: 1 | B136: 158 | C136: Esc. Las Perlas | D136: Chiriquí | E136: Tierras Altas | F136: Volcán | G136: HFC | H136: 8.793414 | I136: -82.646085 | J136: 31/05/2017
A137: 1 | B137: 159 | C137: Parque Plaza Volcán | D137: Chiriquí | E137: Bugaba | F137: Volcán | G137: FO | H137: 8.777953 | I137: -82.643329 | J137: 01/06/2017
A138: 1 | B138: 160 | C138: Policía Nacional | D138: Chiriquí | E138: Bugaba | G138: FO | H138: 8.776175 | I138: -82.640403 | J138: 31/05/2017
A139: 1 | B139: 161 | C139: Esc. Chiriquí | D139: Chiriquí | E139: David | F139: Chiriquí | G139: FO | H139: 8.397895 | I139: -82.324775 | J139: 25/05/2017
A140: 1 | B140: 162 | C140: Esc. Chorcha Abajo | D140: Chiriquí | E140: David | F140: Chiriquí | G140: Satelital | H140: 8.370429 | I140: -82.279748 | J140: 16/10/2017
A141: 1 | B141: 163 | C141: Esc. El Veladero. | D141: Chiriquí | E141: David | F141: Chiriquí | G141: FO | H141: 8.432535 | I141: -82.287988 | J141: 25/05/2017
A142: 1 | B142: 164 | C142: Esc. La Pita | D142: Chiriquí | E142: David | F142: Chiriquí | G142: FO | H142: 8.399806 | I142: -82.25136 | J142: 25/05/2017
A143: 1 | B143: 165 | C143: Esc. Cochea Arriba | D143: Chiriquí | E143: David | F143: Cochea | G143: FO | H143: 8.542861 | I143: -82.378026 | J143: 16/10/2017
A144: 1 | B144: 166 | C144: Aldeas Infantiles SOS | D144: Chiriquí | E144: David | F144: San José de David | G144: FO | H144: 8.408425 | I144: -82.43341 | J144: 23/05/2017
A145: 1 | B145: 169 | C145: Ave. Central David | D145: Chiriquí | E145: David | F145: San José de David | G145: PMP | H145: 8.428221 | I145: -82.424817 | J145: 29/05/2017
A146: 1 | B146: 170 | C146: Biblioteca Pública Santiago Anguizola CENTRO ACP | D146: Chiriquí | E146: David | F146: San José de David | G146: FO | H146: 8.428668 | I146: -82.430882 | J146: 15/05/2017
A147: 1 | B147: 171 | C147: Centro de Salud San Mateo | D147: Chiriquí | E147: David | F147: San José de David | G147: PTP | H147: 8.431556 | I147: -82.43849 | J147: 17/05/2017
A148: 1 | B148: 172 | C148: Elisa Chiari | D148: Chiriquí | E148: David | F148: San José de David | G148: FO | H148: 8.420344 | I148: -82.421251 | J148: 20/06/2017
A149: 1 | B149: 173 | C149: Esc. Barriada Victoriano Lorenzo | D149: Chiriquí | E149: David | F149: San José de David | G149: PTP | H149: 8.41473 | I149: -82.436055 | J149: 16/05/2017
A150: 1 | B150: 174 | C150: Esc. de Doleguita | D150: Chiriquí | E150: David | F150: San José de David | G150: FO | H150: 8.439524 | I150: -82.427605 | J150: 16/05/2017
... A1159: 3 | B1159: 1527 | C1159: CEBG SAN JOSE DEL NARANJAL | D1159: Coclé | E1159: Penonomé | F1159: Toabré | G1159: PMP | H1159: 8.632404 | I1159: -80.337489 | J1159: 20/11/2018
A1160: 3 | B1160: 1524 | C1160: Parque de Santo Domingo | D1160: Los Santos | E1160: Las Tablas | F1160: Santo Domingo | G1160: FO | J1160: 26/09/2018
A1161: 2 | B1161: 1525 | C1161: Muelle Multiproposito Cinta Costera II | D1161: Panamá | E1161: Panamá | F1161: Calidonia | G1161: PMP | H1161: 8.958727 | I1161: -79.537442 | J1161: 26/09/2018
A1162: 1 | B1162: 1528 | C1162: Mercado Publico de David – Cadena de Frio | D1162: Chiriquí | E1162: David | F1162: Chiriquí | G1162: PTP | H1162: 8.421989 | I1162: -82.436529 | J1162: 19/09/2018
A1163: 3 | B1163: 1529 | C1163: Municipio de Los Pozos | D1163: Herrera | E1163: Los Pozos | F1163: Los Pozos | G1163: FO | H1163: 7.787861 | I1163: -80.646276 | J1163: 18/09/2018
A1164: 3 | B1164: 1530 | C1164: Terminal de buses de Las Tablas | D1164: Los Santos | E1164: Las Tablas | F1164: Las Tablas | G1164: FO | H1164: 7.770511 | I1164: -80.276047 | J1164: 26/09/2018
A1165: 3 | B1165: 1531 | C1165: MUSEO HERMANOS ARIAS MADRID | D1165: Coclé | E1165: Penonomé | F1165: Penonomé | G1165: FO | H1165: 8.524935 | I1165: -80.35677 | J1165: 19/11/2018
A1166: 3 | B1166: 1532 | C1166: Escuela Las Gaitas | D1166: Panamá Oeste | E1166: Capira | F1166: Cirí Grande | G1166: FO | H1166: 8.829376 | I1166: -80.052444 | J1166: 13/11/2018
A1167: 3 | B1167: 1533 | C1167: Esc. Coloncito | D1167: Panamá Oeste | E1167: Chame | F1167: Nueva Gorgona | G1167: FO | H1167: 8.494757 | I1167: -82.637788 | J1167: 12/11/2018
A1168: 3 | B1168: 1534 | C1168: Escuela Mata Ahogado | D1168: Panamá Oeste | E1168: San Carlos | F1168: Los Llanitos | G1168: FO | H1168: 8.621794 | I1168: -80.097406 | J1168: 12/11/2018
A1169: 3 | B1169: 1535 | C1169: Centro de Salud Palmas Bellas | D1169: Colón | E1169: Chagres | F1169: Palmas Bellas | G1169: PMP | H1169: 9.227364 | I1169: -80.084411 | J1169: 14/11/2018
A1170: 3 | B1170: 1536 | C1170: Centro de Salud Escobal | D1170: Colón | E1170: Colón | F1170: Escobal | G1170: PMP | H1170: 9.148754 | I1170: -79.963096 | J1170: 14/11/2018
A1171: 3 | B1171: 1537 | C1171: Esc. El Chumical | D1171: Herrera | E1171: Las Minas | F1171: Chumical | G1171: FO | H1171: 7.848419 | I1171: -80.736359 | J1171: 21/11/2018
A1172: 3 | B1172: 1538 | C1172: C.E.B.G. Sebastián Pinzón | D1172: Herrera | E1172: Santa María | F1172: Santa María | G1172: FO | H1172: 8.1148 | I1172: -80.6625 | J1172: 22/11/2018
... A1216: 2 | B1216: 1585 | C1216: Paseo Marino | D1216: Colón | E1216: Colón | F1216: Barrio Norte | G1216: PMP | H1216: 9.365074 | I1216: -79.896732 | J1216: 28/02/2019
A1217: 1 | B1217: 1586 | C1217: Centro de Salud BISIRA | D1217: Comarca Ngäbe-Buglé | E1217: Kankintú | F1217: Bisira | G1217: Satelital | H1217: 8.901111 | I1217: -81.861111
A1218: 1 | B1218: 1588 | C1218: Centro de Salud de Santa Catalina | D1218: Comarca Ngäbe-Buglé | E1218: Santa Catalina o Calovébora | F1218: Santa Catalina o Calovébora | G1218: Satelital | H1218: 8.783472 | I1218: -81.312148
A1219: 3 | B1219: 1590 | C1219: Centro de Salud Chiguiri Arriba | D1219: Coclé | E1219: Penonomé | F1219: Chiguirí Arriba | G1219: Satelital | H1219: 8.674993 | I1219: -80.192054 | J1219: 08/07/2019
A1220: 2 | B1220: 1591 | C1220: Centro Educativo Poussepin | D1220: Panamá | E1220: Panamá | F1220: Curundú | G1220: PMP | H1220: 8.971944 | I1220: -79.541667 | J1220: 22/05/2019
A1221: 2 | B1221: 1592 | C1221: Area frente al Comedor Infantil de Curundú | D1221: Panamá | E1221: Panamá | F1221: Curundú | G1221: PMP | H1221: 8.971769 | I1221: -79.542203 | J1221: 22/05/2019
A1222: 3 | B1222: 1593 | C1222: Escuela Pablo Ballesteros | D1222: Los Santos | E1222: Pedasí | F1222: Los Asientos | G1222: FO | H1222: 7.515427 | I1222: -80.131096 | J1222: 19/06/2019
A1223: 2 | B1223: 1594 | C1223: Instituto Comercial Bolivar | D1223: Panamá | E1223: Panamá | F1223: Calidonia | G1223: PMP | H1223: 8.963944 | I1223: -79.537053 | J1223: 22/05/2019
A1224: 2 | B1224: 1595 | C1224: Casa de Justicia Comunitaria de Paz Curundú | D1224: Panamá | E1224: Panamá | F1224: Curundú | G1224: PMP | H1224: 8.969444 | I1224: -79.544167 | J1224: 22/05/2019
A1225: 3 | B1225: 1597 | C1225: Biblioteca Las Pleyades | D1225: Coclé | E1225: La Pintada | F1225: La Pintada | G1225: Satelital | H1225: 8.527 | I1225: -80.376
A1226: 1 | B1226: 1598 | C1226: Cancha Deportiva de Tolé | D1226: Chiriquí | E1226: Tolé | F1226: Tolé | G1226: FO | H1226: 8.242854 | I1226: -81.672607 | J1226: 10/06/2019
A1227: 1 | B1227: 1599 | C1227: Municipio de Mariato | D1227: Veraguas | E1227: Mariato | F1227: Mariato | G1227: FO | H1227: 7.649019 | I1227: -80.98937 | J1227: 21/05/2019
A1228: 1 | B1228: 1600 | C1228: Centro de Salud Kusapin | D1228: Comarca Ngäbe-Buglé | E1228: Kusapín | F1228: Kusapín | G1228: Satelital | H1228: 9.184427 | I1228: -81.891095
A1229: 3 | B1229: 1601 | C1229: CEBG San Luis Cuatro Calles | D1229: Colón | E1229: Donoso | F1229: Coclé del Norte | G1229: Satelital | H1229: 8.923529 | I1229: -80.406757 | J1229: 08/07/2019
A1230: 2 | B1230: 1602 | C1230: Area al frente del Municipio de Panama | D1230: Panamá | E1230: Panamá | F1230: Ancón | G1230: PMP | H1230: 8.970524 | I1230: -79.533949 | J1230: 25/06/2019
A1231: 1 | B1231: 1603 | C1231: CEBG Rio Guazaro | D1231: Veraguas | E1231: Santa Fe | F1231: Calovébora | G1231: Satelital | H1231: 8.809004 | I1231: -81.079943
A1232: 1 | B1232: 1604 | C1232: C.E.B.G Roberto Cibala | D1232: Veraguas | E1232: Santa Fe | F1232: Río Luis | G1232: Satelital | H1232: 8.683215 | I1232: -81.219841
A1233: 3 | B1233: 1605 | C1233: Caja de Ahorros Guararé | D1233: Los Santos | E1233: Guararé | F1233: Guararé | G1233: FO | H1233: 7.821242 | I1233: -80.28174 | J1233: 19/06/2019
A1234: 2 | B1234: 1606 | C1234: Cancha de Football en Ciudad Radial | D1234: Panamá | E1234: Panamá | F1234: Juan Díaz | G1234: PMP | H1234: 9.043463 | I1234: -79.425119 | J1234: 25/06/2019
A1235: 2 | B1235: 1607 | C1235: Parque Recreativo en Chanis | D1235: Panamá | E1235: Panamá | F1235: Parque Lefevre | G1235: PMP | H1235: 9.022726 | I1235: -79.482324 | J1235: 11/07/2019
A1236: 2 | B1236: 1608 | C1236: Parque Heliodoro Patiño | D1236: Panamá | E1236: Panamá | F1236: Juan Díaz | G1236: PMP | H1236: 9.045747 | I1236: -79.444939 | J1236: 25/06/2019
A1237: 2 | B1237: 1610 | C1237: Area frente al Museo de la Libertad | D1237: Panamá | E1237: Panamá | F1237: Ancón | G1237: PTP | H1237: 8.94659 | I1237: -79.554717 | J1237: 12/12/2019
A1238: 2 | B1238: 1611 | C1238: Escuela Barriada Kuna | D1238: Colón | E1238: Colón | F1238: Cativá | G1238: FO | H1238: 9.374829 | I1238: -79.841781 | J1238: 05/07/2019
A1239: 2 | B1239: 1612 | C1239: Escuela de Miramar | D1239: Colón | E1239: Santa Isabel | F1239: Miramar | G1239: FO | H1239: 9.57525 | I1239: -79.33741
A1240: 3 | B1240: 1613 | C1240: Parque El Manito Ocueño | D1240: Herrera | E1240: Ocú | F1240: San Sebastián de Ocú | G1240: FO | H1240: 7.947 | I1240: -80.778306 | J1240: 18/11/2020
A1241: 3 | B1241: 1614 | C1241: CEBG Jacinta María Henríquez | D1241: Panamá Oeste | E1241: Chame | F1241: Buenos Aires | G1241: FO | H1241: 8.63165 | I1241: -79.945606
A1242: 3 | B1242: 1615 | C1242: Parque de la Cancha de Baloncesto | D1242: Herrera | E1242: Pesé | F1242: Pesé | G1242: FO | H1242: 7.909162 | I1242: -80.617125 | J1242: 17/11/2020
A1243: 2 | B1243: 1616 | C1243: Parque Mango | D1243: Panamá | E1243: Panamá | F1243: Ancón | G1243: PMP | H1243: 8.94804 | I1243: -79.553231 | J1243: 25/06/2019
A1244: 2 | B1244: 1617 | C1244: Policia Nacional Area B Rolando Martinez | D1244: Panamá | E1244: San Miguelito | F1244: Amelia Denis de Icaza | G1244: PMP | H1244: 9.043572 | I1244: -79.5018
A1245: 3 | B1245: 1621 | C1245: Escuela Alejandro Tapia | D1245: Coclé | E1245: Aguadulce | F1245: Pocrí | G1245: FO | H1245: 8.251289 | I1245: -80.533655 | J1245: 19/11/2020
A1246: 1 | B1246: 1622 | C1246: PC Divalá | D1246: Chiriquí | E1246: Alanje | F1246: Divalá | G1246: FO | H1246: 8.412688 | I1246: -82.716011
A1247: 1 | B1247: 1623 | C1247: Escuela Bella Vista | D1247: Chiriquí | E1247: Barú | F1247: Puerto Tomás Armuelles | G1247: FO | H1247: 8.312591 | I1247: -82.855694 | J1247: 01/12/2020
A1248: 3 | B1248: 1624 | C1248: Parque José María Núñez | D1248: Herrera | E1248: Ocú | F1248: San Sebastián de Ocú | G1248: FO | H1248: 7.944452 | I1248: -80.777149 | J1248: 18/11/2020
A1249: 1 | B1249: 1625 | C1249: Área del Parque Infantil Paco Garcia | D1249: Chiriquí | E1249: David | F1249: San José de David | G1249: FO | H1249: 8.428481 | I1249: -82.430154 | J1249: 03/12/2020
A1250: 2 | B1250: 1626 | C1250: Parque Andres Bello | D1250: Panamá | E1250: Panamá | F1250: Bella Vista | G1250: FO | H1250: 8.989795 | I1250: -79.526084
A1251: 2 | B1251: 1627 | C1251: Parque Urraca | D1251: Panamá | E1251: Panamá | F1251: Bella Vista | G1251: FO | H1251: 8.975286 | I1251: -79.528068 | J1251: 12/12/2019
A1252: 2 | B1252: 1628 | C1252: Instituto Agro Forestal en Canglón | D1252: Darien | E1252: Pinogana | F1252: Metetí | G1252: FO | H1252: 8.30198 | I1252: -77.816432
A1253: 2 | B1253: 1633 | C1253: Escuela Altos de Cabuya | D1253: Panamá | E1253: Panamá | F1253: 24 de Diciembre | G1253: FO | H1253: 9.114223 | I1253: -79.372958
A1254: 1 | B1254: 1634 | C1254: Hospital Nuevo Dionisio Arrocha | D1254: Chiriquí | E1254: Barú | F1254: Puerto Tomás Armuelles | G1254: FO | H1254: 8.276711 | I1254: -82.860834 | J1254: 01/12/2020
A1255: 3 | B1255: 1635 | C1255: Area de la Plaza Simon Bolivar | D1255: Los Santos | E1255: Los Santos | F1255: La Villa de Los Santos | G1255: FO | H1255: 7.937693 | I1255: -80.414054 | J1255: 23/11/2020
...

Sheet TABLA_GRÁFICA_DINÁMICO
A1: Etiquetas de fila | B1: Cuenta de Región
A2: Aguadulce | B2: 30
A3: Alanje | B3: 7
A4: Almirante | B4: 6
A5: Antón | B5: 26
A6: Arraiján | B6: 43
A7: Atalaya | B7: 3
A8: Barú | B8: 38
A9: Besikó | B9: 1
A10: Bocas del Toro | B10: 6
A11: Boquerón | B11: 8
A12: Boquete | B12: 7
A13: Bugaba | B13: 45
... A79: Total general | B79: 1321

Sheet BD_PUNTOS_DE_ACCESO
A1: Región | B1: PA | C1: Nombre | D1: Provincia | E1: Distrito | F1: Corregimiento | G1: Tipo UM | H1: Latitud | I1: Longitud | J1: Fecha de Activación | K1: Proveedores | L1: Sesiones | M1: Total GB | N1: Nombre_Meduca | O1: Dependencia | P1: Status | Q1: Área | R1: Indígena | S1: Áreas Comarcales | T1: Decretos | U1: Muestra_Meduca
A2: 1 | B2: 64 | C2: Esc. La Esperanza | D2: Chiriquí | E2: Barú | F2: Baco | G2: FO | H2: 8.406897 | I2: -82.790057 | J2: 30/05/2017 | K2: =VLOOKUP(C2,BD_SESIONES_DE_USUARIO!A2:H61,7,FALSE) -> C&W Panamá | L2: =VLOOKUP(C2,BD_SESIONES_DE_USUARIO!A2:H61,5,FALSE) -> 1344 | M2: =VLOOKUP(C2,BD_DATA_TRANSFERIDA!A2:G61,5,FALSE) -> 74 | N2: C.E.B.G. LA ESPERANZA | P2: =VLOOKUP(N2,BD_MEDUCA!$A$4583:$M$4587,4,TRUE) -> CULTURA Y DEPORTE | Q2: =VLOOKUP(N2,BD_MEDUCA!$A$4583:$M$4587,10,TRUE) -> URBANA | R2: =VLOOKUP(N2,BD_MEDUCA!$A$4583:$M$4587,11,TRUE) -> NO | S2: =VLOOKUP(N2,BD_MEDUCA!$A$4583:$M$4587,12,TRUE) -> No | U2: =VLOOKUP(N2,BD_MEDUCA!$A$4583:$M$4587,2,TRUE) -> SUBSISTEMA REGULAR
A3: 1 | B3: 65 | C3: Esc. San Valentín | D3: Chiriquí | E3: Barú | F3: Baco | G3: FO | H3: 8.365272 | I3: -82.783435 | J3: 30/05/2017 | K3: =VLOOKUP(C3,BD_SESIONES_DE_USUARIO!A3:H62,7,FALSE) -> C&W Panamá | L3: =VLOOKUP(C3,BD_SESIONES_DE_USUARIO!A3:H62,5,FALSE) -> 2053 | M3: =VLOOKUP(C3,BD_DATA_TRANSFERIDA!A3:G62,5,FALSE) -> 124 | N3: C.E.B.G. SAN VALENTIN | O3: =VLOOKUP(N3,BD_MEDUCA!$A$4583:$M$4587,3,TRUE) -> OFICIAL | P3: =VLOOKUP(N3,BD_MEDUCA!$A$4583:$M$4587,4,TRUE) -> CULTURA Y DEPORTE | Q3: =VLOOKUP(N3,BD_MEDUCA!$A$4583:$M$4587,10,TRUE) -> URBANA | R3: =VLOOKUP(N3,BD_MEDUCA!$A$4583:$M$4587,11,TRUE) -> NO | S3: =VLOOKUP(N3,BD_MEDUCA!$A$4583:$M$4587,12,TRUE) -> No | T3: =VLOOKUP(N3,BD_MEDUCA!$A$4583:$M$4587,13,TRUE) -> NO ESPECIFICADO | U3: =VLOOKUP(N3,BD_MEDUCA!$A$4583:$M$4587,2,TRUE) -> SUBSISTEMA REGULAR
A4: 1 | B4: 66 | C4: Centro de Educ. Media de Progreso | D4: Chiriquí | E4: Barú | F4: Progreso | G4: PTP | H4: 8.451565 | I4: -82.834551 | J4: 25/07/2017 | K4: =VLOOKUP(C4,BD_SESIONES_DE_USUARIO!A4:H63,7,FALSE) -> C&W Panamá | L4: =VLOOKUP(C4,BD_SESIONES_DE_USUARIO!A4:H63,5,FALSE) -> 1633 | M4: =VLOOKUP(C4,BD_DATA_TRANSFERIDA!A4:G63,5,FALSE) -> 46 | N4: CENTRO EDUCATIVO DE PROGRESO | O4: =VLOOKUP(N4,BD_MEDUCA!$A$4583:$M$4587,3,TRUE) -> OFICIAL | P4: =VLOOKUP(N4,BD_MEDUCA!$A$4583:$M$4587,4,TRUE) -> CULTURA Y DEPORTE | Q4: =VLOOKUP(N4,BD_MEDUCA!$A$4583:$M$4587,10,TRUE) -> URBANA | R4: =VLOOKUP(N4,BD_MEDUCA!$A$4583:$M$4587,11,TRUE) -> NO | S4: =VLOOKUP(N4,BD_MEDUCA!$A$4583:$M$4587,12,TRUE) -> No | T4: =VLOOKUP(N4,BD_MEDUCA!$A$4583:$M$4587,13,TRUE) -> NO ESPECIFICADO | U4: =VLOOKUP(N4,BD_MEDUCA!$A$4583:$M$4587,2,TRUE) -> SUBSISTEMA REGULAR
A5: 1 | B5: 68 | C5: Esc. Chuchupate | D5: Chiriquí | E5: Barú | F5: Progreso | G5: PTP | H5: 8.347334 | I5: -82.801157 | J5: 25/07/2017 | K5: =VLOOKUP(C5,BD_SESIONES_DE_USUARIO!A5:H64,7,FALSE) -> C&W Panamá | L5: =VLOOKUP(C5,BD_SESIONES_DE_USUARIO!A5:H64,5,FALSE) -> 2114 | M5: =VLOOKUP(C5,BD_DATA_TRANSFERIDA!A5:G64,5,FALSE) -> 191 | N5: ESC. CHUCHUPATE | O5: =VLOOKUP(N5,BD_MEDUCA!$A$4583:$M$4587,3,TRUE) -> OFICIAL | P5: =VLOOKUP(N5,BD_MEDUCA!$A$4583:$M$4587,4,TRUE) -> CULTURA Y DEPORTE | Q5: =VLOOKUP(N5,BD_MEDUCA!$A$4583:$M$4587,10,TRUE) -> URBANA | R5: =VLOOKUP(N5,BD_MEDUCA!$A$4583:$M$4587,11,TRUE) -> NO | S5: =VLOOKUP(N5,BD_MEDUCA!$A$4583:$M$4587,12,TRUE) -> No | T5: =VLOOKUP(N5,BD_MEDUCA!$A$4583:$M$4587,13,TRUE) -> NO ESPECIFICADO | U5: =VLOOKUP(N5,BD_MEDUCA!$A$4583:$M$4587,2,TRUE) -> SUBSISTEMA REGULAR
A6: 1 | B6: 69 | C6: Biblioteca Pública Generosa Valdez de Diaz | D6: Chiriquí | E6: Barú | F6: Puerto Tomás Armuelles | G6: FO | H6: 8.277919 | I6: -82.864167 | J6: 04/05/2017 | K6: =VLOOKUP(C6,BD_SESIONES_DE_USUARIO!A6:H65,7,FALSE) -> C&W Panamá | L6: =VLOOKUP(C6,BD_SESIONES_DE_USUARIO!A6:H65,5,FALSE) -> 552 | M6: =VLOOKUP(C6,BD_DATA_TRANSFERIDA!A6:G65,5,FALSE) -> 48 | O6: =VLOOKUP(N6,BD_MEDUCA!$A$4583:$M$4587,3,TRUE) -> #N/A | P6: =VLOOKUP(N6,BD_MEDUCA!$A$4583:$M$4587,4,TRUE) -> #N/A | Q6: =VLOOKUP(N6,BD_MEDUCA!$A$4583:$M$4587,10,TRUE) -> #N/A | R6: =VLOOKUP(N6,BD_MEDUCA!$A$4583:$M$4587,11,TRUE) -> #N/A | S6: =VLOOKUP(N6,BD_MEDUCA!$A$4583:$M$4587,12,TRUE) -> #N/A | T6: =VLOOKUP(N6,BD_MEDUCA!$A$4583:$M$4587,13,TRUE) -> #N/A | U6: =VLOOKUP(N6,BD_MEDUCA!$A$4583:$M$4587,2,TRUE) -> #N/A
A7: 1 | B7: 70 | C7: Bomberos Puerto Armuelles | D7: Chiriquí | E7: Barú | F7: Puerto Tomás Armuelles | G7: FO | H7: 8.271352 | I7: -82.863631 | J7: 04/05/2017 | K7: =VLOOKUP(C7,BD_SESIONES_DE_USUARIO!A7:H66,7,FALSE) -> C&W Panamá | L7: =VLOOKUP(C7,BD_SESIONES_DE_USUARIO!A7:H66,5,FALSE) -> 878 | M7: =VLOOKUP(C7,BD_DATA_TRANSFERIDA!A7:G66,5,FALSE) -> 49 | O7: =VLOOKUP(N7,BD_MEDUCA!$A$4583:$M$4587,3,TRUE) -> #N/A | P7: =VLOOKUP(N7,BD_MEDUCA!$A$4583:$M$4587,4,TRUE) -> #N/A | Q7: =VLOOKUP(N7,BD_MEDUCA!$A$4583:$M$4587,10,TRUE) -> #N/A | R7: =VLOOKUP(N7,BD_MEDUCA!$A$4583:$M$4587,11,TRUE) -> #N/A | S7: =VLOOKUP(N7,BD_MEDUCA!$A$4583:$M$4587,12,TRUE) -> #N/A | T7: =VLOOKUP(N7,BD_MEDUCA!$A$4583:$M$4587,13,TRUE) -> #N/A | U7: =VLOOKUP(N7,BD_MEDUCA!$A$4583:$M$4587,2,TRUE) -> #N/A
A8: 1 | B8: 71 | C8: Esc. Los Ángeles | D8: Chiriquí | E8: Barú | F8: Puerto Tomás Armuelles | G8: FO | H8: 8.272968 | I8: -82.861328 | J8: 24/05/2017 | K8: =VLOOKUP(C8,BD_SESIONES_DE_USUARIO!A8:H67,7,FALSE) -> C&W Panamá | L8: =VLOOKUP(C8,BD_SESIONES_DE_USUARIO!A8:H67,5,FALSE) -> 1083 | M8: =VLOOKUP(C8,BD_DATA_TRANSFERIDA!A8:G67,5,FALSE) -> 113 | N8: ESC. LOS ANGELES | O8: =VLOOKUP(N8,BD_MEDUCA!$A$4583:$M$4587,3,TRUE) -> OFICIAL | P8: =VLOOKUP(N8,BD_MEDUCA!$A$4583:$M$4587,4,TRUE) -> CULTURA Y DEPORTE | Q8: =VLOOKUP(N8,BD_MEDUCA!$A$4583:$M$4587,10,TRUE) -> URBANA | R8: =VLOOKUP(N8,BD_MEDUCA!$A$4583:$M$4587,11,TRUE) -> NO | S8: =VLOOKUP(N8,BD_MEDUCA!$A$4583:$M$4587,12,TRUE) -> No | T8: =VLOOKUP(N8,BD_MEDUCA!$A$4583:$M$4587,13,TRUE) -> NO ESPECIFICADO | U8: =VLOOKUP(N8,BD_MEDUCA!$A$4583:$M$4587,2,TRUE) -> SUBSISTEMA REGULAR
A9: 1 | B9: 72 | C9: Esc. Márgenes de Corotú | D9: Chiriquí | E9: Barú | F9: Puerto Tomás Armuelles | G9: FO | H9: 8.272843 | I9: -82.894507 | J9: 24/05/2017 | K9: =VLOOKUP(C9,BD_SESIONES_DE_USUARIO!A9:H68,7,FALSE) -> C&W Panamá | L9: =VLOOKUP(C9,BD_SESIONES_DE_USUARIO!A9:H68,5,FALSE) -> 3110 | M9: =VLOOKUP(C9,BD_DATA_TRANSFERIDA!A9:G68,5,FALSE) -> 586 | N9: ESC. MARGENES DE COROTU | O9: =VLOOKUP(N9,BD_MEDUCA!$A$4583:$M$4587,3,TRUE) -> OFICIAL | P9: =VLOOKUP(N9,BD_MEDUCA!$A$4583:$M$4587,4,TRUE) -> CULTURA Y DEPORTE | Q9: =VLOOKUP(N9,BD_MEDUCA!$A$4583:$M$4587,10,TRUE) -> URBANA | R9: =VLOOKUP(N9,BD_MEDUCA!$A$4583:$M$4587,11,TRUE) -> NO | S9: =VLOOKUP(N9,BD_MEDUCA!$A$4583:$M$4587,12,TRUE) -> No | T9: =VLOOKUP(N9,BD_MEDUCA!$A$4583:$M$4587,13,TRUE) -> NO ESPECIFICADO | U9: =VLOOKUP(N9,BD_MEDUCA!$A$4583:$M$4587,2,TRUE) -> SUBSISTEMA REGULAR
A10: 1 | B10: 74 | C10: Esc. Sec. de Puerto Armuelles | D10: Chiriquí | E10: Barú | F10: Puerto Tomás Armuelles | G10: FO | H10: 8.284577 | I10: -82.863122 | J10: 04/05/2017 | K10: =VLOOKUP(C10,BD_SESIONES_DE_USUARIO!A10:H69,7,FALSE) -> C&W Panamá | L10: =VLOOKUP(C10,BD_SESIONES_DE_USUARIO!A10:H69,5,FALSE) -> 3045 | M10: =VLOOKUP(C10,BD_DATA_TRANSFERIDA!A10:G69,5,FALSE) -> 81 | N10: ESC. SEC. DE PUERTO ARMUELLES. | O10: =VLOOKUP(N10,BD_MEDUCA!$A$4583:$M$4587,3,TRUE) -> OFICIAL | P10: =VLOOKUP(N10,BD_MEDUCA!$A$4583:$M$4587,4,TRUE) -> CULTURA Y DEPORTE | Q10: =VLOOKUP(N10,BD_MEDUCA!$A$4583:$M$4587,10,TRUE) -> URBANA | R10: =VLOOKUP(N10,BD_MEDUCA!$A$4583:$M$4587,11,TRUE) -> NO | S10: =VLOOKUP(N10,BD_MEDUCA!$A$4583:$M$4587,12,TRUE) -> No | T10: =VLOOKUP(N10,BD_MEDUCA!$A$4583:$M$4587,13,TRUE) -> NO ESPECIFICADO | U10: =VLOOKUP(N10,BD_MEDUCA!$A$4583:$M$4587,2,TRUE) -> SUBSISTEMA REGULAR
A11: 1 | B11: 75 | C11: Esc. Tomás Armuelles | D11: Chiriquí | E11: Barú | F11: Puerto Tomás Armuelles | G11: PTP | H11: 8.270955 | I11: -82.859721 | J11: 24/05/2017 | K11: =VLOOKUP(C11,BD_SESIONES_DE_USUARIO!A11:H70,7,FALSE) -> C&W Panamá | L11: =VLOOKUP(C11,BD_SESIONES_DE_USUARIO!A11:H70,5,FALSE) -> 1707 | M11: =VLOOKUP(C11,BD_DATA_TRANSFERIDA!A11:G70,5,FALSE) -> 188 | N11: ESC. TOMAS ARMUELLES | O11: =VLOOKUP(N11,BD_MEDUCA!$A$4583:$M$4587,3,TRUE) -> OFICIAL | P11: =VLOOKUP(N11,BD_MEDUCA!$A$4583:$M$4587,4,TRUE) -> CULTURA Y DEPORTE | Q11: =VLOOKUP(N11,BD_MEDUCA!$A$4583:$M$4587,10,TRUE) -> URBANA | R11: =VLOOKUP(N11,BD_MEDUCA!$A$4583:$M$4587,11,TRUE) -> NO | S11: =VLOOKUP(N11,BD_MEDUCA!$A$4583:$M$4587,12,TRUE) -> No | T11: =VLOOKUP(N11,BD_MEDUCA!$A$4583:$M$4587,13,TRUE) -> NO ESPECIFICADO | U11: =VLOOKUP(N11,BD_MEDUCA!$A$4583:$M$4587,2,TRUE) -> SUBSISTEMA REGULAR
A12: 1 | B12: 77 | C12: Municipio Puerto Armuelles | D12: Chiriquí | E12: Barú | F12: Puerto Tomás Armuelles | G12: FO | H12: 8.273669 | I12: -82.860183 | J12: 04/05/2017 | K12: =VLOOKUP(C12,BD_SESIONES_DE_USUARIO!A12:H71,7,FALSE) -> C&W Panamá | L12: =VLOOKUP(C12,BD_SESIONES_DE_USUARIO!A12:H71,5,FALSE) -> 2776 | M12: =VLOOKUP(C12,BD_DATA_TRANSFERIDA!A12:G71,5,FALSE) -> 70 | O12: =VLOOKUP(N12,BD_MEDUCA!$A$4583:$M$4587,3,TRUE) -> #N/A | P12: =VLOOKUP(N12,BD_MEDUCA!$A$4583:$M$4587,4,TRUE) -> #N/A | Q12: =VLOOKUP(N12,BD_MEDUCA!$A$4583:$M$4587,10,TRUE) -> #N/A | R12: =VLOOKUP(N12,BD_MEDUCA!$A$4583:$M$4587,11,TRUE) -> #N/A | S12: =VLOOKUP(N12,BD_MEDUCA!$A$4583:$M$4587,12,TRUE) -> #N/A | T12: =VLOOKUP(N12,BD_MEDUCA!$A$4583:$M$4587,13,TRUE) -> #N/A | U12: =VLOOKUP(N12,BD_MEDUCA!$A$4583:$M$4587,2,TRUE) -> #N/A
A13: 1 | B13: 78 | C13: Parque Central Puerto Armuelles | D13: Chiriquí | E13: Barú | F13: Puerto Tomás Armuelles | G13: FO | H13: 8.271562 | I13: -82.86013 | J13: 04/05/2017 | K13: =VLOOKUP(C13,BD_SESIONES_DE_USUARIO!A13:H72,7,FALSE) -> C&W Panamá | L13: =VLOOKUP(C13,BD_SESIONES_DE_USUARIO!A13:H72,5,FALSE) -> 3470 | M13: =VLOOKUP(C13,BD_DATA_TRANSFERIDA!A13:G72,5,FALSE) -> 248 | O13: =VLOOKUP(N13,BD_MEDUCA!$A$4583:$M$4587,3,TRUE) -> #N/A | P13: =VLOOKUP(N13,BD_MEDUCA!$A$4583:$M$4587,4,TRUE) -> #N/A | Q13: =VLOOKUP(N13,BD_MEDUCA!$A$4583:$M$4587,10,TRUE) -> #N/A | R13: =VLOOKUP(N13,BD_MEDUCA!$A$4583:$M$4587,11,TRUE) -> #N/A | S13: =VLOOKUP(N13,BD_MEDUCA!$A$4583:$M$4587,12,TRUE) -> #N/A | T13: =VLOOKUP(N13,BD_MEDUCA!$A$4583:$M$4587,13,TRUE) -> #N/A | U13: =VLOOKUP(N13,BD_MEDUCA!$A$4583:$M$4587,2,TRUE) -> #N/A
A14: 1 | B14: 79 | C14: Esc. Agua Buena | D14: Chiriquí | E14: Barú | F14: Puerto Tomás Armuelles | G14: FO | H14: 8.302843 | I14: -82.872246 | J14: 04/05/2017 | K14: =VLOOKUP(C14,BD_SESIONES_DE_USUARIO!A14:H73,7,FALSE) -> C&W Panamá | L14: =VLOOKUP(C14,BD_SESIONES_DE_USUARIO!A14:H73,5,FALSE) -> 502 | M14: =VLOOKUP(C14,BD_DATA_TRANSFERIDA!A14:G73,5,FALSE) -> 55 | N14: ESC. AGUA BUENA | O14: =VLOOKUP(N14,BD_MEDUCA!$A$4583:$M$4587,3,TRUE) -> OFICIAL | P14: =VLOOKUP(N14,BD_MEDUCA!$A$4583:$M$4587,4,TRUE) -> CULTURA Y DEPORTE | Q14: =VLOOKUP(N14,BD_MEDUCA!$A$4583:$M$4587,10,TRUE) -> URBANA | R14: =VLOOKUP(N14,BD_MEDUCA!$A$4583:$M$4587,11,TRUE) -> NO | S14: =VLOOKUP(N14,BD_MEDUCA!$A$4583:$M$4587,12,TRUE) -> No | T14: =VLOOKUP(N14,BD_MEDUCA!$A$4583:$M$4587,13,TRUE) -> NO ESPECIFICADO | U14: =VLOOKUP(N14,BD_MEDUCA!$A$4583:$M$4587,2,TRUE) -> SUBSISTEMA REGULAR
A15: 1 | B15: 80 | C15: Esc. El Palmar | D15: Chiriquí | E15: Barú | F15: Puerto Tomás Armuelles | G15: FO | H15: 8.308957 | I15: -82.840718 | J15: 25/07/2017 | K15: =VLOOKUP(C15,BD_SESIONES_DE_USUARIO!A15:H74,7,FALSE) -> C&W Panamá | L15: =VLOOKUP(C15,BD_SESIONES_DE_USUARIO!A15:H74,5,FALSE) -> 2651 | M15: =VLOOKUP(C15,BD_DATA_TRANSFERIDA!A15:G74,5,FALSE) -> 191 | N15: ESC. BILINGÜE EL PALMAR | O15: =VLOOKUP(N15,BD_MEDUCA!$A$4583:$M$4587,3,TRUE) -> OFICIAL | P15: =VLOOKUP(N15,BD_MEDUCA!$A$4583:$M$4587,4,TRUE) -> CULTURA Y DEPORTE | Q15: =VLOOKUP(N15,BD_MEDUCA!$A$4583:$M$4587,10,TRUE) -> URBANA | R15: =VLOOKUP(N15,BD_MEDUCA!$A$4583:$M$4587,11,TRUE) -> NO | S15: =VLOOKUP(N15,BD_MEDUCA!$A$4583:$M$4587,12,TRUE) -> No | T15: =VLOOKUP(N15,BD_MEDUCA!$A$4583:$M$4587,13,TRUE) -> NO ESPECIFICADO | U15: =VLOOKUP(N15,BD_MEDUCA!$A$4583:$M$4587,2,TRUE) -> SUBSISTEMA REGULAR
A16: 1 | B16: 81 | C16: Esc. Flor de Lima | D16: Chiriquí | E16: Barú | F16: Puerto Tomás Armuelles | G16: FO | H16: 8.294459 | I16: -82.857206 | J16: 24/05/2017 | K16: =VLOOKUP(C16,BD_SESIONES_DE_USUARIO!A16:H75,7,FALSE) -> C&W Panamá | L16: =VLOOKUP(C16,BD_SESIONES_DE_USUARIO!A16:H75,5,FALSE) -> 886 | M16: =VLOOKUP(C16,BD_DATA_TRANSFERIDA!A16:G75,5,FALSE) -> 99 | N16: ESC. FLOR DE LIMA | O16: =VLOOKUP(N16,BD_MEDUCA!$A$4583:$M$4587,3,TRUE) -> OFICIAL | P16: =VLOOKUP(N16,BD_MEDUCA!$A$4583:$M$4587,4,TRUE) -> CULTURA Y DEPORTE | Q16: =VLOOKUP(N16,BD_MEDUCA!$A$4583:$M$4587,10,TRUE) -> URBANA | R16: =VLOOKUP(N16,BD_MEDUCA!$A$4583:$M$4587,11,TRUE) -> NO | S16: =VLOOKUP(N16,BD_MEDUCA!$A$4583:$M$4587,12,TRUE) -> No | T16: =VLOOKUP(N16,BD_MEDUCA!$A$4583:$M$4587,13,TRUE) -> NO ESPECIFICADO | U16: =VLOOKUP(N16,BD_MEDUCA!$A$4583:$M$4587,2,TRUE) -> SUBSISTEMA REGULAR
A17: 1 | B17: 83 | C17: Esc. Aguacatón | D17: Chiriquí | E17: Barú | F17: Rodolfo Aguilar Delgado | G17: FO | H17: 8.347584 | I17: -82.801082 | J17: 30/05/2017 | K17: =VLOOKUP(C17,BD_SESIONES_DE_USUARIO!A17:H76,7,FALSE) -> C&W Panamá | L17: =VLOOKUP(C17,BD_SESIONES_DE_USUARIO!A17:H76,5,FALSE) -> 218 | M17: =VLOOKUP(C17,BD_DATA_TRANSFERIDA!A17:G76,5,FALSE) -> 18 | N17: C.E.B.G. AGUACATON | O17: =VLOOKUP(N17,BD_MEDUCA!$A$4583:$M$4587,3,TRUE) -> OFICIAL | P17: =VLOOKUP(N17,BD_MEDUCA!$A$4583:$M$4587,4,TRUE) -> CULTURA Y DEPORTE | Q17: =VLOOKUP(N17,BD_MEDUCA!$A$4583:$M$4587,10,TRUE) -> URBANA | R17: =VLOOKUP(N17,BD_MEDUCA!$A$4583:$M$4587,11,TRUE) -> NO | S17: =VLOOKUP(N17,BD_MEDUCA!$A$4583:$M$4587,12,TRUE) -> No | T17: =VLOOKUP(N17,BD_MEDUCA!$A$4583:$M$4587,13,TRUE) -> NO ESPECIFICADO | U17: =VLOOKUP(N17,BD_MEDUCA!$A$4583:$M$4587,2,TRUE) -> SUBSISTEMA REGULAR
A18: 1 | B18: 84 | C18: Esc. Balsa | D18: Chiriquí | E18: Barú | F18: Rodolfo Aguilar Delgado | G18: FO | H18: 8.428309 | I18: -82.895269 | J18: 23/05/2017 | K18: =VLOOKUP(C18,BD_SESIONES_DE_USUARIO!A18:H77,7,FALSE) -> C&W Panamá | L18: =VLOOKUP(C18,BD_SESIONES_DE_USUARIO!A18:H77,5,FALSE) -> 2262 | M18: =VLOOKUP(C18,BD_DATA_TRANSFERIDA!A18:G77,5,FALSE) -> 437 | N18: C.E.B.G. BALSA | O18: =VLOOKUP(N18,BD_MEDUCA!$A$4583:$M$4587,3,TRUE) -> OFICIAL | P18: =VLOOKUP(N18,BD_MEDUCA!$A$4583:$M$4587,4,TRUE) -> CULTURA Y DEPORTE | Q18: =VLOOKUP(N18,BD_MEDUCA!$A$4583:$M$4587,10,TRUE) -> URBANA | R18: =VLOOKUP(N18,BD_MEDUCA!$A$4583:$M$4587,11,TRUE) -> NO | S18: =VLOOKUP(N18,BD_MEDUCA!$A$4583:$M$4587,12,TRUE) -> No | T18: =VLOOKUP(N18,BD_MEDUCA!$A$4583:$M$4587,13,TRUE) -> NO ESPECIFICADO | U18: =VLOOKUP(N18,BD_MEDUCA!$A$4583:$M$4587,2,TRUE) -> SUBSISTEMA REGULAR
A19: 1 | B19: 85 | C19: Esc. Burica Centro | D19: Chiriquí | E19: Barú | F19: Rodolfo Aguilar Delgado | G19: PTP | H19: 8.391051 | I19: -82.903279 | J19: 25/07/2017 | K19: =VLOOKUP(C19,BD_SESIONES_DE_USUARIO!A19:H78,7,FALSE) -> C&W Panamá | L19: =VLOOKUP(C19,BD_SESIONES_DE_USUARIO!A19:H78,5,FALSE) -> 1272 | M19: =VLOOKUP(C19,BD_DATA_TRANSFERIDA!A19:G78,5,FALSE) -> 173 | N19: ESC. BURICA CENTRO | O19: =VLOOKUP(N19,BD_MEDUCA!$A$4583:$M$4587,3,TRUE) -> OFICIAL | P19: =VLOOKUP(N19,BD_MEDUCA!$A$4583:$M$4587,4,TRUE) -> CULTURA Y DEPORTE | Q19: =VLOOKUP(N19,BD_MEDUCA!$A$4583:$M$4587,10,TRUE) -> URBANA | R19: =VLOOKUP(N19,BD_MEDUCA!$A$4583:$M$4587,11,TRUE) -> NO | S19: =VLOOKUP(N19,BD_MEDUCA!$A$4583:$M$4587,12,TRUE) -> No | T19: =VLOOKUP(N19,BD_MEDUCA!$A$4583:$M$4587,13,TRUE) -> NO ESPECIFICADO | U19: =VLOOKUP(N19,BD_MEDUCA!$A$4583:$M$4587,2,TRUE) -> SUBSISTEMA REGULAR
A20: 1 | B20: 86 | C20: Esc. Corozo | D20: Chiriquí | E20: Barú | F20: Rodolfo Aguilar Delgado | G20: FO | H20: 8.415213 | I20: -82.931435 | J20: 04/08/2017 | K20: =VLOOKUP(C20,BD_SESIONES_DE_USUARIO!A20:H79,7,FALSE) -> C&W Panamá | L20: =VLOOKUP(C20,BD_SESIONES_DE_USUARIO!A20:H79,5,FALSE) -> 1504 | M20: =VLOOKUP(C20,BD_DATA_TRANSFERIDA!A20:G79,5,FALSE) -> 259 | N20: ESC. COROZO | O20: =VLOOKUP(N20,BD_MEDUCA!$A$4583:$M$4587,3,TRUE) -> OFICIAL | P20: =VLOOKUP(N20,BD_MEDUCA!$A$4583:$M$4587,4,TRUE) -> CULTURA Y DEPORTE | Q20: =VLOOKUP(N20,BD_MEDUCA!$A$4583:$M$4587,10,TRUE) -> URBANA | R20: =VLOOKUP(N20,BD_MEDUCA!$A$4583:$M$4587,11,TRUE) -> NO | S20: =VLOOKUP(N20,BD_MEDUCA!$A$4583:$M$4587,12,TRUE) -> No | T20: =VLOOKUP(N20,BD_MEDUCA!$A$4583:$M$4587,13,TRUE) -> NO ESPECIFICADO | U20: =VLOOKUP(N20,BD_MEDUCA!$A$4583:$M$4587,2,TRUE) -> SUBSISTEMA REGULAR
A21: 1 | B21: 87 | C21: Esc. Finca Blanco | D21: Chiriquí | E21: Barú | F21: Rodolfo Aguilar Delgado | G21: FO | H21: 8.384487 | I21: -82.875077 | J21: 05/05/2017 | K21: =VLOOKUP(C21,BD_SESIONES_DE_USUARIO!A21:H80,7,FALSE) -> C&W Panamá | L21: =VLOOKUP(C21,BD_SESIONES_DE_USUARIO!A21:H80,5,FALSE) -> 1340 | M21: =VLOOKUP(C21,BD_DATA_TRANSFERIDA!A21:G80,5,FALSE) -> 81 | N21: C.E.B.G. FINCA BLANCO | O21: =VLOOKUP(N21,BD_MEDUCA!$A$4583:$M$4587,3,TRUE) -> OFICIAL | P21: =VLOOKUP(N21,BD_MEDUCA!$A$4583:$M$4587,4,TRUE) -> CULTURA Y DEPORTE | Q21: =VLOOKUP(N21,BD_MEDUCA!$A$4583:$M$4587,10,TRUE) -> URBANA | R21: =VLOOKUP(N21,BD_MEDUCA!$A$4583:$M$4587,11,TRUE) -> NO | S21: =VLOOKUP(N21,BD_MEDUCA!$A$4583:$M$4587,12,TRUE) -> No | T21: =VLOOKUP(N21,BD_MEDUCA!$A$4583:$M$4587,13,TRUE) -> NO ESPECIFICADO | U21: =VLOOKUP(N21,BD_MEDUCA!$A$4583:$M$4587,2,TRUE) -> SUBSISTEMA REGULAR
A22: 1 | B22: 88 | C22: Esc. Finca Bongo | D22: Chiriquí | E22: Barú | F22: Rodolfo Aguilar Delgado | G22: FO | H22: 8.406384 | I22: -82.904103 | J22: 30/05/2017 | K22: =VLOOKUP(C22,BD_SESIONES_DE_USUARIO!A22:H81,7,FALSE) -> C&W Panamá | L22: =VLOOKUP(C22,BD_SESIONES_DE_USUARIO!A22:H81,5,FALSE) -> 1738 | M22: =VLOOKUP(C22,BD_DATA_TRANSFERIDA!A22:G81,5,FALSE) -> 360 | N22: ESC. BONGO | O22: =VLOOKUP(N22,BD_MEDUCA!$A$4583:$M$4587,3,TRUE) -> OFICIAL | P22: =VLOOKUP(N22,BD_MEDUCA!$A$4583:$M$4587,4,TRUE) -> CULTURA Y DEPORTE | Q22: =VLOOKUP(N22,BD_MEDUCA!$A$4583:$M$4587,10,TRUE) -> URBANA | R22: =VLOOKUP(N22,BD_MEDUCA!$A$4583:$M$4587,11,TRUE) -> NO | S22: =VLOOKUP(N22,BD_MEDUCA!$A$4583:$M$4587,12,TRUE) -> No | T22: =VLOOKUP(N22,BD_MEDUCA!$A$4583:$M$4587,13,TRUE) -> NO ESPECIFICADO | U22: =VLOOKUP(N22,BD_MEDUCA!$A$4583:$M$4587,2,TRUE) -> SUBSISTEMA REGULAR
A23: 1 | B23: 89 | C23: Esc. Finca Zapatero | D23: Chiriquí | E23: Barú | F23: Rodolfo Aguilar Delgado | G23: FO | H23: 8.397342 | I23: -82.891426 | J23: 30/05/2017 | K23: =VLOOKUP(C23,BD_SESIONES_DE_USUARIO!A23:H82,7,FALSE) -> C&W Panamá | L23: =VLOOKUP(C23,BD_SESIONES_DE_USUARIO!A23:H82,5,FALSE) -> 2852 | M23: =VLOOKUP(C23,BD_DATA_TRANSFERIDA!A23:G82,5,FALSE) -> 328 | N23: ESC. FINCA ZAPATERO | O23: =VLOOKUP(N23,BD_MEDUCA!$A$4583:$M$4587,3,TRUE) -> OFICIAL | P23: =VLOOKUP(N23,BD_MEDUCA!$A$4583:$M$4587,4,TRUE) -> CULTURA Y DEPORTE | Q23: =VLOOKUP(N23,BD_MEDUCA!$A$4583:$M$4587,10,TRUE) -> URBANA | R23: =VLOOKUP(N23,BD_MEDUCA!$A$4583:$M$4587,11,TRUE) -> NO | S23: =VLOOKUP(N23,BD_MEDUCA!$A$4583:$M$4587,12,TRUE) -> No | T23: =VLOOKUP(N23,BD_MEDUCA!$A$4583:$M$4587,13,TRUE) -> NO ESPECIFICADO | U23: =VLOOKUP(N23,BD_MEDUCA!$A$4583:$M$4587,2,TRUE) -> SUBSISTEMA REGULAR
A24: 1 | B24: 90 | C24: Esc. Guayacán | D24: Chiriquí | E24: Barú | F24: Rodolfo Aguilar Delgado | G24: FO | H24: 8.349596 | I24: -82.833844 | J24: 30/05/2017 | K24: =VLOOKUP(C24,BD_SESIONES_DE_USUARIO!A24:H83,7,FALSE) -> C&W Panamá | L24: =VLOOKUP(C24,BD_SESIONES_DE_USUARIO!A24:H83,5,FALSE) -> 3589 | M24: =VLOOKUP(C24,BD_DATA_TRANSFERIDA!A24:G83,5,FALSE) -> 592 | N24: ESC. GUAYACAN | O24: =VLOOKUP(N24,BD_MEDUCA!$A$4583:$M$4587,3,TRUE) -> OFICIAL | P24: =VLOOKUP(N24,BD_MEDUCA!$A$4583:$M$4587,4,TRUE) -> CULTURA Y DEPORTE | Q24: =VLOOKUP(N24,BD_MEDUCA!$A$4583:$M$4587,10,TRUE) -> URBANA | R24: =VLOOKUP(N24,BD_MEDUCA!$A$4583:$M$4587,11,TRUE) -> NO | S24: =VLOOKUP(N24,BD_MEDUCA!$A$4583:$M$4587,12,TRUE) -> No | T24: =VLOOKUP(N24,BD_MEDUCA!$A$4583:$M$4587,13,TRUE) -> NO ESPECIFICADO | U24: =VLOOKUP(N24,BD_MEDUCA!$A$4583:$M$4587,2,TRUE) -> SUBSISTEMA REGULAR
A25: 1 | B25: 91 | C25: Esc. Higuerón | D25: Chiriquí | E25: Barú | F25: Rodolfo Aguilar Delgado | G25: PTP | H25: 8.407189 | I25: -82.888167 | J25: 25/07/2017 | K25: =VLOOKUP(C25,BD_SESIONES_DE_USUARIO!A25:H84,7,FALSE) -> C&W Panamá | L25: =VLOOKUP(C25,BD_SESIONES_DE_USUARIO!A25:H84,5,FALSE) -> 2174 | M25: =VLOOKUP(C25,BD_DATA_TRANSFERIDA!A25:G84,5,FALSE) -> 265 | N25: C.E.B.G. HIGUERON | O25: =VLOOKUP(N25,BD_MEDUCA!$A$4583:$M$4587,3,TRUE) -> OFICIAL | P25: =VLOOKUP(N25,BD_MEDUCA!$A$4583:$M$4587,4,TRUE) -> CULTURA Y DEPORTE | Q25: =VLOOKUP(N25,BD_MEDUCA!$A$4583:$M$4587,10,TRUE) -> URBANA | R25: =VLOOKUP(N25,BD_MEDUCA!$A$4583:$M$4587,11,TRUE) -> NO | S25: =VLOOKUP(N25,BD_MEDUCA!$A$4583:$M$4587,12,TRUE) -> No | T25: =VLOOKUP(N25,BD_MEDUCA!$A$4583:$M$4587,13,TRUE) -> NO ESPECIFICADO | U25: =VLOOKUP(N25,BD_MEDUCA!$A$4583:$M$4587,2,TRUE) -> SUBSISTEMA REGULAR
... A34: 1 | B34: 219 | C34: Esc. El Flor | D34: Chiriquí | E34: Dolega | F34: Los Algarrobos | G34: HFC | H34: 8.575638 | I34: -82.443582 | J34: 29/05/2017 | K34: =VLOOKUP(C34,BD_SESIONES_DE_USUARIO!A34:H93,7,FALSE) -> C&W Panamá | L34: =VLOOKUP(C34,BD_SESIONES_DE_USUARIO!A34:H93,5,FALSE) -> 150 | M34: =VLOOKUP(C34,BD_DATA_TRANSFERIDA!A34:G93,5,FALSE) -> 9 | N34: C.E.B.G. EL FLOR | O34: =VLOOKUP(N34,BD_MEDUCA!$A$4583:$M$4587,3,TRUE) -> OFICIAL | P34: =VLOOKUP(N34,BD_MEDUCA!$A$4583:$M$4587,4,TRUE) -> CULTURA Y DEPORTE | Q34: =VLOOKUP(N34,BD_MEDUCA!$A$4583:$M$4587,10,TRUE) -> URBANA | R34: =VLOOKUP(N34,BD_MEDUCA!$A$4583:$M$4587,11,TRUE) -> NO | S34: =VLOOKUP(N34,BD_MEDUCA!$A$4583:$M$4587,12,TRUE) -> No | T34: =VLOOKUP(N34,BD_MEDUCA!$A$4583:$M$4587,13,TRUE) -> NO ESPECIFICADO | U34: =VLOOKUP(N34,BD_MEDUCA!$A$4583:$M$4587,2,TRUE) -> SUBSISTEMA REGULAR
A35: 1 | B35: 220 | C35: Municipio de Dolega | D35: Chiriquí | E35: Dolega | F35: Los Algarrobos | G35: HFC | H35: 8.566958 | I35: -82.416614 | J35: 26/05/2017 | K35: =VLOOKUP(C35,BD_SESIONES_DE_USUARIO!A35:H94,7,FALSE) -> C&W Panamá | L35: =VLOOKUP(C35,BD_SESIONES_DE_USUARIO!A35:H94,5,FALSE) -> 664 | M35: =VLOOKUP(C35,BD_DATA_TRANSFERIDA!A35:G94,5,FALSE) -> 23 | O35: =VLOOKUP(N35,BD_MEDUCA!$A$4583:$M$4587,3,TRUE) -> #N/A | P35: =VLOOKUP(N35,BD_MEDUCA!$A$4583:$M$4587,4,TRUE) -> #N/A | Q35: =VLOOKUP(N35,BD_MEDUCA!$A$4583:$M$4587,10,TRUE) -> #N/A | R35: =VLOOKUP(N35,BD_MEDUCA!$A$4583:$M$4587,11,TRUE) -> #N/A | S35: =VLOOKUP(N35,BD_MEDUCA!$A$4583:$M$4587,12,TRUE) -> #N/A | T35: =VLOOKUP(N35,BD_MEDUCA!$A$4583:$M$4587,13,TRUE) -> #N/A | U35: =VLOOKUP(N35,BD_MEDUCA!$A$4583:$M$4587,2,TRUE) -> #N/A
A36: 1 | B36: 221 | C36: Esc. Las Cañas. | D36: Chiriquí | E36: Dolega | F36: Los Algarrobos | G36: FO | H36: 8.56458 | I36: -82.44958 | J36: 01/08/2017 | K36: =VLOOKUP(C36,BD_SESIONES_DE_USUARIO!A36:H95,7,FALSE) -> C&W Panamá | L36: =VLOOKUP(C36,BD_SESIONES_DE_USUARIO!A36:H95,5,FALSE) -> 613 | M36: =VLOOKUP(C36,BD_DATA_TRANSFERIDA!A36:G95,5,FALSE) -> 40 | N36: C.E.B.G. LAS CAÑAS | O36: =VLOOKUP(N36,BD_MEDUCA!$A$4583:$M$4587,3,TRUE) -> OFICIAL | P36: =VLOOKUP(N36,BD_MEDUCA!$A$4583:$M$4587,4,TRUE) -> CULTURA Y DEPORTE | Q36: =VLOOKUP(N36,BD_MEDUCA!$A$4583:$M$4587,10,TRUE) -> URBANA | R36: =VLOOKUP(N36,BD_MEDUCA!$A$4583:$M$4587,11,TRUE) -> NO | S36: =VLOOKUP(N36,BD_MEDUCA!$A$4583:$M$4587,12,TRUE) -> No | T36: =VLOOKUP(N36,BD_MEDUCA!$A$4583:$M$4587,13,TRUE) -> NO ESPECIFICADO | U36: =VLOOKUP(N36,BD_MEDUCA!$A$4583:$M$4587,2,TRUE) -> SUBSISTEMA REGULAR
A37: 1 | B37: 223 | C37: Esc. Los Bejucos | D37: Chiriquí | E37: Dolega | F37: Los Algarrobos | G37: Satelital | H37: 8.585568 | I37: -82.462704 | J37: 16/10/2017 | K37: =VLOOKUP(C37,BD_SESIONES_DE_USUARIO!A37:H96,7,FALSE) -> C&W Panamá | L37: =VLOOKUP(C37,BD_SESIONES_DE_USUARIO!A37:H96,5,FALSE) -> 45 | M37: =VLOOKUP(C37,BD_DATA_TRANSFERIDA!A37:G96,5,FALSE) -> 0 | N37: ESC. LOS BEJUCOS | O37: =VLOOKUP(N37,BD_MEDUCA!$A$4583:$M$4587,3,TRUE) -> OFICIAL | P37: =VLOOKUP(N37,BD_MEDUCA!$A$4583:$M$4587,4,TRUE) -> CULTURA Y DEPORTE | Q37: =VLOOKUP(N37,BD_MEDUCA!$A$4583:$M$4587,10,TRUE) -> URBANA | R37: =VLOOKUP(N37,BD_MEDUCA!$A$4583:$M$4587,11,TRUE) -> NO | S37: =VLOOKUP(N37,BD_MEDUCA!$A$4583:$M$4587,12,TRUE) -> No | T37: =VLOOKUP(N37,BD_MEDUCA!$A$4583:$M$4587,13,TRUE) -> NO ESPECIFICADO | U37: =VLOOKUP(N37,BD_MEDUCA!$A$4583:$M$4587,2,TRUE) -> SUBSISTEMA REGULAR
A38: 1 | B38: 225 | C38: Centro de Salud Los Anastacios | D38: Chiriquí | E38: Dolega | F38: Los Anastacios | G38: FO | H38: 8.532174 | I38: -82.420761 | J38: 02/06/2017 | K38: =VLOOKUP(C38,BD_SESIONES_DE_USUARIO!A38:H97,7,FALSE) -> C&W Panamá | L38: =VLOOKUP(C38,BD_SESIONES_DE_USUARIO!A38:H97,5,FALSE) -> 1415 | M38: =VLOOKUP(C38,BD_DATA_TRANSFERIDA!A38:G97,5,FALSE) -> 160 | O38: =VLOOKUP(N38,BD_MEDUCA!$A$4583:$M$4587,3,TRUE) -> #N/A | P38: =VLOOKUP(N38,BD_MEDUCA!$A$4583:$M$4587,4,TRUE) -> #N/A | Q38: =VLOOKUP(N38,BD_MEDUCA!$A$4583:$M$4587,10,TRUE) -> #N/A | R38: =VLOOKUP(N38,BD_MEDUCA!$A$4583:$M$4587,11,TRUE) -> #N/A | S38: =VLOOKUP(N38,BD_MEDUCA!$A$4583:$M$4587,12,TRUE) -> #N/A | T38: =VLOOKUP(N38,BD_MEDUCA!$A$4583:$M$4587,13,TRUE) -> #N/A | U38: =VLOOKUP(N38,BD_MEDUCA!$A$4583:$M$4587,2,TRUE) -> #N/A
A39: 1 | B39: 226 | C39: Esc. Rincón Largo | D39: Chiriquí | E39: Dolega | F39: Los Anastacios | G39: FO | H39: 8.529598 | I39: -82.409978 | J39: 16/06/2017 | K39: =VLOOKUP(C39,BD_SESIONES_DE_USUARIO!A39:H98,7,FALSE) -> C&W Panamá | L39: =VLOOKUP(C39,BD_SESIONES_DE_USUARIO!A39:H98,5,FALSE) -> 549 | M39: =VLOOKUP(C39,BD_DATA_TRANSFERIDA!A39:G98,5,FALSE) -> 26 | N39: ESC. RINCON LARGO | O39: =VLOOKUP(N39,BD_MEDUCA!$A$4583:$M$4587,3,TRUE) -> OFICIAL | P39: =VLOOKUP(N39,BD_MEDUCA!$A$4583:$M$4587,4,TRUE) -> CULTURA Y DEPORTE | Q39: =VLOOKUP(N39,BD_MEDUCA!$A$4583:$M$4587,10,TRUE) -> URBANA | R39: =VLOOKUP(N39,BD_MEDUCA!$A$4583:$M$4587,11,TRUE) -> NO | S39: =VLOOKUP(N39,BD_MEDUCA!$A$4583:$M$4587,12,TRUE) -> No | T39: =VLOOKUP(N39,BD_MEDUCA!$A$4583:$M$4587,13,TRUE) -> NO ESPECIFICADO | U39: =VLOOKUP(N39,BD_MEDUCA!$A$4583:$M$4587,2,TRUE) -> SUBSISTEMA REGULAR
A40: 1 | B40: 227 | C40: Escuela Los Anastacios | D40: Chiriquí | E40: Dolega | F40: Los Anastacios | G40: FO | H40: 8.530478 | I40: -82.417758 | J40: 28/07/2017 | K40: =VLOOKUP(C40,BD_SESIONES_DE_USUARIO!A40:H99,7,FALSE) -> C&W Panamá | L40: =VLOOKUP(C40,BD_SESIONES_DE_USUARIO!A40:H99,5,FALSE) -> 1383 | M40: =VLOOKUP(C40,BD_DATA_TRANSFERIDA!A40:G99,5,FALSE) -> 70 | N40: ESC. LOS ANASTACIOS | O40: =VLOOKUP(N40,BD_MEDUCA!$A$4583:$M$4587,3,TRUE) -> OFICIAL | P40: =VLOOKUP(N40,BD_MEDUCA!$A$4583:$M$4587,4,TRUE) -> CULTURA Y DEPORTE | Q40: =VLOOKUP(N40,BD_MEDUCA!$A$4583:$M$4587,10,TRUE) -> URBANA | R40: =VLOOKUP(N40,BD_MEDUCA!$A$4583:$M$4587,11,TRUE) -> NO | S40: =VLOOKUP(N40,BD_MEDUCA!$A$4583:$M$4587,12,TRUE) -> No | T40: =VLOOKUP(N40,BD_MEDUCA!$A$4583:$M$4587,13,TRUE) -> NO ESPECIFICADO | U40: =VLOOKUP(N40,BD_MEDUCA!$A$4583:$M$4587,2,TRUE) -> SUBSISTEMA REGULAR
A41: 1 | B41: 228 | C41: Escuela Primaria Santa Rosa | D41: Chiriquí | E41: Dolega | F41: Los Anastacios | G41: HFC | H41: 8.532996 | I41: -82.428818 | J41: 25/05/2017 | K41: =VLOOKUP(C41,BD_SESIONES_DE_USUARIO!A41:H100,7,FALSE) -> C&W Panamá | L41: =VLOOKUP(C41,BD_SESIONES_DE_USUARIO!A41:H100,5,FALSE) -> 1016 | M41: =VLOOKUP(C41,BD_DATA_TRANSFERIDA!A41:G100,5,FALSE) -> 89 | N41: C.E.B.G. SANTA ROSA | O41: =VLOOKUP(N41,BD_MEDUCA!$A$4583:$M$4587,3,TRUE) -> OFICIAL | P41: =VLOOKUP(N41,BD_MEDUCA!$A$4583:$M$4587,4,TRUE) -> CULTURA Y DEPORTE | Q41: =VLOOKUP(N41,BD_MEDUCA!$A$4583:$M$4587,10,TRUE) -> URBANA | R41: =VLOOKUP(N41,BD_MEDUCA!$A$4583:$M$4587,11,TRUE) -> NO | S41: =VLOOKUP(N41,BD_MEDUCA!$A$4583:$M$4587,12,TRUE) -> No | T41: =VLOOKUP(N41,BD_MEDUCA!$A$4583:$M$4587,13,TRUE) -> NO ESPECIFICADO | U41: =VLOOKUP(N41,BD_MEDUCA!$A$4583:$M$4587,2,TRUE) -> SUBSISTEMA REGULAR
A42: 1 | B42: 230 | C42: Parque 27 de Noviembre | D42: Chiriquí | E42: Dolega | F42: Los Anastacios | G42: FO | H42: 8.532711 | I42: -82.419056 | J42: 01/08/2017 | K42: =VLOOKUP(C42,BD_SESIONES_DE_USUARIO!A42:H101,7,FALSE) -> C&W Panamá | L42: =VLOOKUP(C42,BD_SESIONES_DE_USUARIO!A42:H101,5,FALSE) -> 1838 | M42: =VLOOKUP(C42,BD_DATA_TRANSFERIDA!A42:G101,5,FALSE) -> 110 | O42: =VLOOKUP(N42,BD_MEDUCA!$A$4583:$M$4587,3,TRUE) -> #N/A | P42: =VLOOKUP(N42,BD_MEDUCA!$A$4583:$M$4587,4,TRUE) -> #N/A | Q42: =VLOOKUP(N42,BD_MEDUCA!$A$4583:$M$4587,10,TRUE) -> #N/A | R42: =VLOOKUP(N42,BD_MEDUCA!$A$4583:$M$4587,11,TRUE) -> #N/A | S42: =VLOOKUP(N42,BD_MEDUCA!$A$4583:$M$4587,12,TRUE) -> #N/A | T42: =VLOOKUP(N42,BD_MEDUCA!$A$4583:$M$4587,13,TRUE) -> #N/A | U42: =VLOOKUP(N42,BD_MEDUCA!$A$4583:$M$4587,2,TRUE) -> #N/A
A43: 1 | B43: 231 | C43: Parque Residencial Altamar | D43: Chiriquí | E43: Dolega | F43: Los Anastacios | G43: FO | H43: 8.520696 | I43: -82.424134 | J43: 02/06/2017 | K43: =VLOOKUP(C43,BD_SESIONES_DE_USUARIO!A43:H102,7,FALSE) -> C&W Panamá | L43: =VLOOKUP(C43,BD_SESIONES_DE_USUARIO!A43:H102,5,FALSE) -> 287 | M43: =VLOOKUP(C43,BD_DATA_TRANSFERIDA!A43:G102,5,FALSE) -> 4 | O43: =VLOOKUP(N43,BD_MEDUCA!$A$4583:$M$4587,3,TRUE) -> #N/A | P43: =VLOOKUP(N43,BD_MEDUCA!$A$4583:$M$4587,4,TRUE) -> #N/A | Q43: =VLOOKUP(N43,BD_MEDUCA!$A$4583:$M$4587,10,TRUE) -> #N/A | R43: =VLOOKUP(N43,BD_MEDUCA!$A$4583:$M$4587,11,TRUE) -> #N/A | S43: =VLOOKUP(N43,BD_MEDUCA!$A$4583:$M$4587,12,TRUE) -> #N/A | T43: =VLOOKUP(N43,BD_MEDUCA!$A$4583:$M$4587,13,TRUE) -> #N/A | U43: =VLOOKUP(N43,BD_MEDUCA!$A$4583:$M$4587,2,TRUE) -> #N/A
A44: 1 | B44: 232 | C44: Plaza Los Algarrobos | D44: Chiriquí | E44: Dolega | F44: Los Anastacios | G44: HFC | H44: 8.499541 | I44: -82.425671 | J44: 01/08/2017 | K44: =VLOOKUP(C44,BD_SESIONES_DE_USUARIO!A44:H103,7,FALSE) -> C&W Panamá | L44: =VLOOKUP(C44,BD_SESIONES_DE_USUARIO!A44:H103,5,FALSE) -> 580 | M44: =VLOOKUP(C44,BD_DATA_TRANSFERIDA!A44:G103,5,FALSE) -> 34 | O44: =VLOOKUP(N44,BD_MEDUCA!$A$4583:$M$4587,3,TRUE) -> #N/A | P44: =VLOOKUP(N44,BD_MEDUCA!$A$4583:$M$4587,4,TRUE) -> #N/A | Q44: =VLOOKUP(N44,BD_MEDUCA!$A$4583:$M$4587,10,TRUE) -> #N/A | R44: =VLOOKUP(N44,BD_MEDUCA!$A$4583:$M$4587,11,TRUE) -> #N/A | S44: =VLOOKUP(N44,BD_MEDUCA!$A$4583:$M$4587,12,TRUE) -> #N/A | T44: =VLOOKUP(N44,BD_MEDUCA!$A$4583:$M$4587,13,TRUE) -> #N/A | U44: =VLOOKUP(N44,BD_MEDUCA!$A$4583:$M$4587,2,TRUE) -> #N/A
A45: 1 | B45: 233 | C45: Esc. Higuerón. | D45: Chiriquí | E45: Gualaca | F45: Gualaca | G45: FO | H45: 8.498969 | I45: -82.285015 | J45: 02/06/2017 | K45: =VLOOKUP(C45,BD_SESIONES_DE_USUARIO!A45:H104,7,FALSE) -> C&W Panamá | L45: =VLOOKUP(C45,BD_SESIONES_DE_USUARIO!A45:H104,5,FALSE) -> 1504 | M45: =VLOOKUP(C45,BD_DATA_TRANSFERIDA!A45:G104,5,FALSE) -> 54 | N45: ESC. HIGUERON | O45: =VLOOKUP(N45,BD_MEDUCA!$A$4583:$M$4587,3,TRUE) -> OFICIAL | P45: =VLOOKUP(N45,BD_MEDUCA!$A$4583:$M$4587,4,TRUE) -> CULTURA Y DEPORTE | Q45: =VLOOKUP(N45,BD_MEDUCA!$A$4583:$M$4587,10,TRUE) -> URBANA | R45: =VLOOKUP(N45,BD_MEDUCA!$A$4583:$M$4587,11,TRUE) -> NO | S45: =VLOOKUP(N45,BD_MEDUCA!$A$4583:$M$4587,12,TRUE) -> No | T45: =VLOOKUP(N45,BD_MEDUCA!$A$4583:$M$4587,13,TRUE) -> NO ESPECIFICADO | U45: =VLOOKUP(N45,BD_MEDUCA!$A$4583:$M$4587,2,TRUE) -> SUBSISTEMA REGULAR
A46: 1 | B46: 234 | C46: Municipio Gualaca | D46: Chiriquí | E46: Gualaca | F46: Gualaca | G46: FO | H46: 8.532391 | I46: -82.299513 | J46: 02/06/2017 | K46: =VLOOKUP(C46,BD_SESIONES_DE_USUARIO!A46:H105,7,FALSE) -> C&W Panamá | L46: =VLOOKUP(C46,BD_SESIONES_DE_USUARIO!A46:H105,5,FALSE) -> 1099 | M46: =VLOOKUP(C46,BD_DATA_TRANSFERIDA!A46:G105,5,FALSE) -> 33 | O46: =VLOOKUP(N46,BD_MEDUCA!$A$4583:$M$4587,3,TRUE) -> #N/A | P46: =VLOOKUP(N46,BD_MEDUCA!$A$4583:$M$4587,4,TRUE) -> #N/A | Q46: =VLOOKUP(N46,BD_MEDUCA!$A$4583:$M$4587,10,TRUE) -> #N/A | R46: =VLOOKUP(N46,BD_MEDUCA!$A$4583:$M$4587,11,TRUE) -> #N/A | S46: =VLOOKUP(N46,BD_MEDUCA!$A$4583:$M$4587,12,TRUE) -> #N/A | T46: =VLOOKUP(N46,BD_MEDUCA!$A$4583:$M$4587,13,TRUE) -> #N/A | U46: =VLOOKUP(N46,BD_MEDUCA!$A$4583:$M$4587,2,TRUE) -> #N/A
A47: 1 | B47: 235 | C47: Parque Gualaca | D47: Chiriquí | E47: Gualaca | F47: Gualaca | G47: FO | H47: 8.533211 | I47: -82.299684 | J47: 02/06/2017 | K47: =VLOOKUP(C47,BD_SESIONES_DE_USUARIO!A47:H106,7,FALSE) -> C&W Panamá | L47: =VLOOKUP(C47,BD_SESIONES_DE_USUARIO!A47:H106,5,FALSE) -> 3656 | M47: =VLOOKUP(C47,BD_DATA_TRANSFERIDA!A47:G106,5,FALSE) -> 231 | O47: =VLOOKUP(N47,BD_MEDUCA!$A$4583:$M$4587,3,TRUE) -> #N/A | P47: =VLOOKUP(N47,BD_MEDUCA!$A$4583:$M$4587,4,TRUE) -> #N/A | Q47: =VLOOKUP(N47,BD_MEDUCA!$A$4583:$M$4587,10,TRUE) -> #N/A | R47: =VLOOKUP(N47,BD_MEDUCA!$A$4583:$M$4587,11,TRUE) -> #N/A | S47: =VLOOKUP(N47,BD_MEDUCA!$A$4583:$M$4587,12,TRUE) -> #N/A | T47: =VLOOKUP(N47,BD_MEDUCA!$A$4583:$M$4587,13,TRUE) -> #N/A | U47: =VLOOKUP(N47,BD_MEDUCA!$A$4583:$M$4587,2,TRUE) -> #N/A
A48: 1 | B48: 236 | C48: Esc. Secundaria Jesús Maria Pla | D48: Chiriquí | E48: Gualaca | F48: Gualaca | G48: FO | H48: 8.52287 | I48: -82.30013 | J48: 02/06/2017 | K48: =VLOOKUP(C48,BD_SESIONES_DE_USUARIO!A48:H107,7,FALSE) -> C&W Panamá | L48: =VLOOKUP(C48,BD_SESIONES_DE_USUARIO!A48:H107,5,FALSE) -> 1586 | M48: =VLOOKUP(C48,BD_DATA_TRANSFERIDA!A48:G107,5,FALSE) -> 34 | N48: ESC. JESUS MARIA PLA | O48: =VLOOKUP(N48,BD_MEDUCA!$A$4583:$M$4587,3,TRUE) -> OFICIAL | P48: =VLOOKUP(N48,BD_MEDUCA!$A$4583:$M$4587,4,TRUE) -> CULTURA Y DEPORTE | Q48: =VLOOKUP(N48,BD_MEDUCA!$A$4583:$M$4587,10,TRUE) -> URBANA | R48: =VLOOKUP(N48,BD_MEDUCA!$A$4583:$M$4587,11,TRUE) -> NO | S48: =VLOOKUP(N48,BD_MEDUCA!$A$4583:$M$4587,12,TRUE) -> No | T48: =VLOOKUP(N48,BD_MEDUCA!$A$4583:$M$4587,13,TRUE) -> NO ESPECIFICADO | U48: =VLOOKUP(N48,BD_MEDUCA!$A$4583:$M$4587,2,TRUE) -> SUBSISTEMA REGULAR
A49: 1 | B49: 1357 | C49: Escuela San Vicente | D49: Chiriquí | E49: Barú | F49: Puerto Tomás Armuelles | G49: FO | H49: 8.312534 | I49: -82.855827 | J49: 25/07/2017 | K49: =VLOOKUP(C49,BD_SESIONES_DE_USUARIO!A49:H108,7,FALSE) -> C&W Panamá | L49: =VLOOKUP(C49,BD_SESIONES_DE_USUARIO!A49:H108,5,FALSE) -> 1210 | M49: =VLOOKUP(C49,BD_DATA_TRANSFERIDA!A49:G108,5,FALSE) -> 107 | N49: ESC. BILINGÜE SAN VICENTE | O49: =VLOOKUP(N49,BD_MEDUCA!$A$4583:$M$4587,3,TRUE) -> OFICIAL | P49: =VLOOKUP(N49,BD_MEDUCA!$A$4583:$M$4587,4,TRUE) -> CULTURA Y DEPORTE | Q49: =VLOOKUP(N49,BD_MEDUCA!$A$4583:$M$4587,10,TRUE) -> URBANA | R49: =VLOOKUP(N49,BD_MEDUCA!$A$4583:$M$4587,11,TRUE) -> NO | S49: =VLOOKUP(N49,BD_MEDUCA!$A$4583:$M$4587,12,TRUE) -> No | T49: =VLOOKUP(N49,BD_MEDUCA!$A$4583:$M$4587,13,TRUE) -> NO ESPECIFICADO | U49: =VLOOKUP(N49,BD_MEDUCA!$A$4583:$M$4587,2,TRUE) -> SUBSISTEMA REGULAR
A50: 1 | B50: 1359 | C50: Escuela Jose Luciano Lara | D50: Chiriquí | E50: Dolega | F50: Los Algarrobos | G50: HFC | H50: 8.49827 | I50: -82.425512 | J50: 25/05/2017 | K50: =VLOOKUP(C50,BD_SESIONES_DE_USUARIO!A50:H109,7,FALSE) -> C&W Panamá | L50: =VLOOKUP(C50,BD_SESIONES_DE_USUARIO!A50:H109,5,FALSE) -> 255 | M50: =VLOOKUP(C50,BD_DATA_TRANSFERIDA!A50:G109,5,FALSE) -> 10 | N50: C.E.B.G. JOSE LUCINIO LARA | O50: =VLOOKUP(N50,BD_MEDUCA!$A$4583:$M$4587,3,TRUE) -> OFICIAL | P50: =VLOOKUP(N50,BD_MEDUCA!$A$4583:$M$4587,4,TRUE) -> CULTURA Y DEPORTE | Q50: =VLOOKUP(N50,BD_MEDUCA!$A$4583:$M$4587,10,TRUE) -> URBANA | R50: =VLOOKUP(N50,BD_MEDUCA!$A$4583:$M$4587,11,TRUE) -> NO | S50: =VLOOKUP(N50,BD_MEDUCA!$A$4583:$M$4587,12,TRUE) -> No | T50: =VLOOKUP(N50,BD_MEDUCA!$A$4583:$M$4587,13,TRUE) -> NO ESPECIFICADO | U50: =VLOOKUP(N50,BD_MEDUCA!$A$4583:$M$4587,2,TRUE) -> SUBSISTEMA REGULAR
A51: 1 | B51: 1416 | C51: CEBG Los Algarrobos Arriba | D51: Chiriquí | E51: Dolega | F51: Los Algarrobos | G51: FO | H51: 8.518233 | I51: -82.425716 | J51: 20/12/2017 | K51: =VLOOKUP(C51,BD_SESIONES_DE_USUARIO!A51:H110,7,FALSE) -> C&W Panamá | L51: =VLOOKUP(C51,BD_SESIONES_DE_USUARIO!A51:H110,5,FALSE) -> 935 | M51: =VLOOKUP(C51,BD_DATA_TRANSFERIDA!A51:G110,5,FALSE) -> 155 | N51: C.E.B.G. ALGARROBO ARRIBA | O51: =VLOOKUP(N51,BD_MEDUCA!$A$4583:$M$4587,3,TRUE) -> OFICIAL | P51: =VLOOKUP(N51,BD_MEDUCA!$A$4583:$M$4587,4,TRUE) -> CULTURA Y DEPORTE | Q51: =VLOOKUP(N51,BD_MEDUCA!$A$4583:$M$4587,10,TRUE) -> URBANA | R51: =VLOOKUP(N51,BD_MEDUCA!$A$4583:$M$4587,11,TRUE) -> NO | S51: =VLOOKUP(N51,BD_MEDUCA!$A$4583:$M$4587,12,TRUE) -> No | T51: =VLOOKUP(N51,BD_MEDUCA!$A$4583:$M$4587,13,TRUE) -> NO ESPECIFICADO | U51: =VLOOKUP(N51,BD_MEDUCA!$A$4583:$M$4587,2,TRUE) -> SUBSISTEMA REGULAR
A52: 1 | B52: 1418 | C52: SENAFRONT Progreso | D52: Chiriquí | E52: Barú | F52: Progreso | G52: FO | H52: 8.450238 | I52: -82.83633 | J52: 20/09/2018 | K52: =VLOOKUP(C52,BD_SESIONES_DE_USUARIO!A52:H111,7,FALSE) -> C&W Panamá | L52: =VLOOKUP(C52,BD_SESIONES_DE_USUARIO!A52:H111,5,FALSE) -> 0 | M52: =VLOOKUP(C52,BD_DATA_TRANSFERIDA!A52:G111,5,FALSE) -> 0 | O52: =VLOOKUP(N52,BD_MEDUCA!$A$4583:$M$4587,3,TRUE) -> #N/A | P52: =VLOOKUP(N52,BD_MEDUCA!$A$4583:$M$4587,4,TRUE) -> #N/A | Q52: =VLOOKUP(N52,BD_MEDUCA!$A$4583:$M$4587,10,TRUE) -> #N/A | R52: =VLOOKUP(N52,BD_MEDUCA!$A$4583:$M$4587,11,TRUE) -> #N/A | S52: =VLOOKUP(N52,BD_MEDUCA!$A$4583:$M$4587,12,TRUE) -> #N/A | T52: =VLOOKUP(N52,BD_MEDUCA!$A$4583:$M$4587,13,TRUE) -> #N/A | U52: =VLOOKUP(N52,BD_MEDUCA!$A$4583:$M$4587,2,TRUE) -> #N/A
A53: 1 | B53: 1441 | C53: CAPSI de Dolega | D53: Chiriquí | E53: Dolega | F53: Los Anastacios | G53: FO | H53: 8.547539 | I53: -82.421272 | J53: 19/09/2018 | K53: =VLOOKUP(C53,BD_SESIONES_DE_USUARIO!A53:H112,7,FALSE) -> C&W Panamá | L53: =VLOOKUP(C53,BD_SESIONES_DE_USUARIO!A53:H112,5,FALSE) -> 2688 | M53: =VLOOKUP(C53,BD_DATA_TRANSFERIDA!A53:G112,5,FALSE) -> 171 | O53: =VLOOKUP(N53,BD_MEDUCA!$A$4583:$M$4587,3,TRUE) -> #N/A | P53: =VLOOKUP(N53,BD_MEDUCA!$A$4583:$M$4587,4,TRUE) -> #N/A | Q53: =VLOOKUP(N53,BD_MEDUCA!$A$4583:$M$4587,10,TRUE) -> #N/A | R53: =VLOOKUP(N53,BD_MEDUCA!$A$4583:$M$4587,11,TRUE) -> #N/A | S53: =VLOOKUP(N53,BD_MEDUCA!$A$4583:$M$4587,12,TRUE) -> #N/A | T53: =VLOOKUP(N53,BD_MEDUCA!$A$4583:$M$4587,13,TRUE) -> #N/A | U53: =VLOOKUP(N53,BD_MEDUCA!$A$4583:$M$4587,2,TRUE) -> #N/A
A54: 1 | B54: 1511 | C54: Junta Comunal Los Anastacios | D54: Chiriquí | E54: Dolega | F54: Los Anastacios | G54: FO | H54: 8.534009 | I54: -82.420703 | J54: 19/09/2018 | K54: =VLOOKUP(C54,BD_SESIONES_DE_USUARIO!A54:H113,7,FALSE) -> C&W Panamá | L54: =VLOOKUP(C54,BD_SESIONES_DE_USUARIO!A54:H113,5,FALSE) -> 2624 | M54: =VLOOKUP(C54,BD_DATA_TRANSFERIDA!A54:G113,5,FALSE) -> 110 | O54: =VLOOKUP(N54,BD_MEDUCA!$A$4583:$M$4587,3,TRUE) -> #N/A | P54: =VLOOKUP(N54,BD_MEDUCA!$A$4583:$M$4587,4,TRUE) -> #N/A | Q54: =VLOOKUP(N54,BD_MEDUCA!$A$4583:$M$4587,10,TRUE) -> #N/A | R54: =VLOOKUP(N54,BD_MEDUCA!$A$4583:$M$4587,11,TRUE) -> #N/A | S54: =VLOOKUP(N54,BD_MEDUCA!$A$4583:$M$4587,12,TRUE) -> #N/A | T54: =VLOOKUP(N54,BD_MEDUCA!$A$4583:$M$4587,13,TRUE) -> #N/A | U54: =VLOOKUP(N54,BD_MEDUCA!$A$4583:$M$4587,2,TRUE) -> #N/A
A55: 1 | B55: 1554 | C55: ESC. LEOPOLDINA FIELD | D55: Chiriquí | E55: Dolega | F55: San Francisco de Dolega | G55: FO | H55: 8.561166 | I55: -82.413228 | J55: 27/11/2018 | K55: =VLOOKUP(C55,BD_SESIONES_DE_USUARIO!A55:H114,7,FALSE) -> C&W Panamá | L55: =VLOOKUP(C55,BD_SESIONES_DE_USUARIO!A55:H114,5,FALSE) -> 2203 | M55: =VLOOKUP(C55,BD_DATA_TRANSFERIDA!A55:G114,5,FALSE) -> 137 | N55: ESC. LEOPOLDINA FIELD | O55: =VLOOKUP(N55,BD_MEDUCA!$A$4583:$M$4587,3,TRUE) -> OFICIAL | P55: =VLOOKUP(N55,BD_MEDUCA!$A$4583:$M$4587,4,TRUE) -> CULTURA Y DEPORTE | Q55: =VLOOKUP(N55,BD_MEDUCA!$A$4583:$M$4587,10,TRUE) -> URBANA | R55: =VLOOKUP(N55,BD_MEDUCA!$A$4583:$M$4587,11,TRUE) -> NO | S55: =VLOOKUP(N55,BD_MEDUCA!$A$4583:$M$4587,12,TRUE) -> No | T55: =VLOOKUP(N55,BD_MEDUCA!$A$4583:$M$4587,13,TRUE) -> NO ESPECIFICADO | U55: =VLOOKUP(N55,BD_MEDUCA!$A$4583:$M$4587,2,TRUE) -> SUBSISTEMA REGULAR
A56: 1 | B56: 1561 | C56: ESC. RIO MAR | D56: Chiriquí | E56: Barú | F56: Puerto Tomás Armuelles | G56: FO | H56: 8.279964 | I56: -82.857381 | J56: 28/11/2018 | K56: =VLOOKUP(C56,BD_SESIONES_DE_USUARIO!A56:H115,7,FALSE) -> C&W Panamá | L56: =VLOOKUP(C56,BD_SESIONES_DE_USUARIO!A56:H115,5,FALSE) -> 1935 | M56: =VLOOKUP(C56,BD_DATA_TRANSFERIDA!A56:G115,5,FALSE) -> 219 | N56: ESC. RÍO MAR | O56: =VLOOKUP(N56,BD_MEDUCA!$A$4583:$M$4587,3,TRUE) -> OFICIAL | P56: =VLOOKUP(N56,BD_MEDUCA!$A$4583:$M$4587,4,TRUE) -> CULTURA Y DEPORTE | Q56: =VLOOKUP(N56,BD_MEDUCA!$A$4583:$M$4587,10,TRUE) -> URBANA | R56: =VLOOKUP(N56,BD_MEDUCA!$A$4583:$M$4587,11,TRUE) -> NO | S56: =VLOOKUP(N56,BD_MEDUCA!$A$4583:$M$4587,12,TRUE) -> No | T56: =VLOOKUP(N56,BD_MEDUCA!$A$4583:$M$4587,13,TRUE) -> NO ESPECIFICADO | U56: =VLOOKUP(N56,BD_MEDUCA!$A$4583:$M$4587,2,TRUE) -> SUBSISTEMA REGULAR
A57: 1 | B57: 1565 | C57: ESC. GUALACA | D57: Chiriquí | E57: Gualaca | F57: Gualaca | G57: FO | H57: 8.525916 | I57: -82.299642 | J57: 26/11/2018 | K57: =VLOOKUP(C57,BD_SESIONES_DE_USUARIO!A57:H116,7,FALSE) -> C&W Panamá | L57: =VLOOKUP(C57,BD_SESIONES_DE_USUARIO!A57:H116,5,FALSE) -> 4104 | M57: =VLOOKUP(C57,BD_DATA_TRANSFERIDA!A57:G116,5,FALSE) -> 233 | N57: ESC. BILINGÜE GUALACA | O57: =VLOOKUP(N57,BD_MEDUCA!$A$4583:$M$4587,3,TRUE) -> OFICIAL | P57: =VLOOKUP(N57,BD_MEDUCA!$A$4583:$M$4587,4,TRUE) -> CULTURA Y DEPORTE | Q57: =VLOOKUP(N57,BD_MEDUCA!$A$4583:$M$4587,10,TRUE) -> URBANA | R57: =VLOOKUP(N57,BD_MEDUCA!$A$4583:$M$4587,11,TRUE) -> NO | S57: =VLOOKUP(N57,BD_MEDUCA!$A$4583:$M$4587,12,TRUE) -> No | T57: =VLOOKUP(N57,BD_MEDUCA!$A$4583:$M$4587,13,TRUE) -> NO ESPECIFICADO | U57: =VLOOKUP(N57,BD_MEDUCA!$A$4583:$M$4587,2,TRUE) -> SUBSISTEMA REGULAR
A58: 1 | B58: 1566 | C58: C.E.B.G. PASO CANOA INT. | D58: Chiriquí | E58: Barú | F58: Progreso | G58: FO | H58: 8.537336 | I58: -82.838453 | J58: 28/11/2018 | K58: =VLOOKUP(C58,BD_SESIONES_DE_USUARIO!A58:H117,7,FALSE) -> C&W Panamá | L58: =VLOOKUP(C58,BD_SESIONES_DE_USUARIO!A58:H117,5,FALSE) -> 5857 | M58: =VLOOKUP(C58,BD_DATA_TRANSFERIDA!A58:G117,5,FALSE) -> 230 | N58: ESC.BILINGÜE PASO CANOA INTERNACIONAL | O58: =VLOOKUP(N58,BD_MEDUCA!$A$4583:$M$4587,3,TRUE) -> OFICIAL | P58: =VLOOKUP(N58,BD_MEDUCA!$A$4583:$M$4587,4,TRUE) -> CULTURA Y DEPORTE | Q58: =VLOOKUP(N58,BD_MEDUCA!$A$4583:$M$4587,10,TRUE) -> URBANA | R58: =VLOOKUP(N58,BD_MEDUCA!$A$4583:$M$4587,11,TRUE) -> NO | S58: =VLOOKUP(N58,BD_MEDUCA!$A$4583:$M$4587,12,TRUE) -> No | T58: =VLOOKUP(N58,BD_MEDUCA!$A$4583:$M$4587,13,TRUE) -> NO ESPECIFICADO | U58: =VLOOKUP(N58,BD_MEDUCA!$A$4583:$M$4587,2,TRUE) -> SUBSISTEMA REGULAR
A59: 1 | B59: 1623 | C59: Escuela Bella Vista | D59: Chiriquí | E59: Barú | F59: Puerto Tomás Armuelles | G59: FO | H59: 8.312591 | I59: -82.855694 | J59: 01/12/2020 | K59: =VLOOKUP(C59,BD_SESIONES_DE_USUARIO!A59:H118,7,FALSE) -> C&W Panamá | L59: =VLOOKUP(C59,BD_SESIONES_DE_USUARIO!A59:H118,5,FALSE) -> 2657 | M59: =VLOOKUP(C59,BD_DATA_TRANSFERIDA!A59:G118,5,FALSE) -> 389 | N59: ESC. BELLA VISTA | O59: =VLOOKUP(N59,BD_MEDUCA!$A$4583:$M$4587,3,TRUE) -> OFICIAL | P59: =VLOOKUP(N59,BD_MEDUCA!$A$4583:$M$4587,4,TRUE) -> CULTURA Y DEPORTE | Q59: =VLOOKUP(N59,BD_MEDUCA!$A$4583:$M$4587,10,TRUE) -> URBANA | R59: =VLOOKUP(N59,BD_MEDUCA!$A$4583:$M$4587,11,TRUE) -> NO | S59: =VLOOKUP(N59,BD_MEDUCA!$A$4583:$M$4587,12,TRUE) -> No | T59: =VLOOKUP(N59,BD_MEDUCA!$A$4583:$M$4587,13,TRUE) -> NO ESPECIFICADO | U59: =VLOOKUP(N59,BD_MEDUCA!$A$4583:$M$4587,2,TRUE) -> SUBSISTEMA REGULAR
A60: 1 | B60: 1634 | C60: Hospital Nuevo Dionisio Arrocha | D60: Chiriquí | E60: Barú | F60: Puerto Tomás Armuelles | G60: FO | H60: 8.276711 | I60: -82.860834 | J60: 01/12/2020 | K60: =VLOOKUP(C60,BD_SESIONES_DE_USUARIO!A60:H119,7,FALSE) -> C&W Panamá | L60: =VLOOKUP(C60,BD_SESIONES_DE_USUARIO!A60:H119,5,FALSE) -> 7697 | M60: =VLOOKUP(C60,BD_DATA_TRANSFERIDA!A60:G119,5,FALSE) -> 427 | O60: =VLOOKUP(N60,BD_MEDUCA!$A$4583:$M$4587,3,TRUE) -> #N/A | P60: =VLOOKUP(N60,BD_MEDUCA!$A$4583:$M$4587,4,TRUE) -> #N/A | Q60: =VLOOKUP(N60,BD_MEDUCA!$A$4583:$M$4587,10,TRUE) -> #N/A | R60: =VLOOKUP(N60,BD_MEDUCA!$A$4583:$M$4587,11,TRUE) -> #N/A | S60: =VLOOKUP(N60,BD_MEDUCA!$A$4583:$M$4587,12,TRUE) -> #N/A | T60: =VLOOKUP(N60,BD_MEDUCA!$A$4583:$M$4587,13,TRUE) -> #N/A | U60: =VLOOKUP(N60,BD_MEDUCA!$A$4583:$M$4587,2,TRUE) -> #N/A
A61: 1 | B61: 1638 | C61: Escuela Paso Canoas Arriba | D61: Chiriquí | E61: Barú | F61: Progreso | G61: FO | H61: 8.55609 | I61: -82.828847 | K61: =VLOOKUP(C61,BD_SESIONES_DE_USUARIO!A61:H120,7,FALSE) -> C&W Panamá | L61: =VLOOKUP(C61,BD_SESIONES_DE_USUARIO!A61:H120,5,FALSE) -> 639 | M61: =VLOOKUP(C61,BD_DATA_TRANSFERIDA!A61:G120,5,FALSE) -> 89 | N61: ESC. CANOAS ARRIBA | O61: =VLOOKUP(N61,BD_MEDUCA!$A$4583:$M$4587,3,TRUE) -> OFICIAL | P61: =VLOOKUP(N61,BD_MEDUCA!$A$4583:$M$4587,4,TRUE) -> CULTURA Y DEPORTE | Q61: =VLOOKUP(N61,BD_MEDUCA!$A$4583:$M$4587,10,TRUE) -> URBANA | R61: =VLOOKUP(N61,BD_MEDUCA!$A$4583:$M$4587,11,TRUE) -> NO | S61: =VLOOKUP(N61,BD_MEDUCA!$A$4583:$M$4587,12,TRUE) -> No | T61: =VLOOKUP(N61,BD_MEDUCA!$A$4583:$M$4587,13,TRUE) -> NO ESPECIFICADO | U61: =VLOOKUP(N61,BD_MEDUCA!$A$4583:$M$4587,2,TRUE) -> SUBSISTEMA REGULAR

Sheet BD_SESIONES_DE_USUARIO
A1: Nombre | B1: Provincia | C1: Distrito | D1: Corregimiento | E1: Total | F1: Región | G1: Proveedor | H1: PA
A2: Esc. La Esperanza | B2: Chiriquí | C2: Barú | D2: Baco | E2: 1344 | F2: 1 | G2: C&W Panamá | H2: 64
A3: Esc. San Valentín | B3: Chiriquí | C3: Barú | D3: Baco | E3: 2053 | F3: 1 | G3: C&W Panamá | H3: 65
A4: Centro de Educ. Media de Progreso | B4: Chiriquí | C4: Barú | D4: Progreso | E4: 1633 | F4: 1 | G4: C&W Panamá | H4: 66
A5: Esc. Chuchupate | B5: Chiriquí | C5: Barú | D5: Progreso | E5: 2114 | F5: 1 | G5: C&W Panamá | H5: 68
A6: Biblioteca Pública Generosa Valdez de Diaz | B6: Chiriquí | C6: Barú | D6: Puerto Tomás Armuelles | E6: 552 | F6: 1 | G6: C&W Panamá | H6: 69
A7: Bomberos Puerto Armuelles | B7: Chiriquí | C7: Barú | D7: Puerto Tomás Armuelles | E7: 878 | F7: 1 | G7: C&W Panamá | H7: 70
A8: Esc. Los Ángeles | B8: Chiriquí | C8: Barú | D8: Puerto Tomás Armuelles | E8: 1083 | F8: 1 | G8: C&W Panamá | H8: 71
A9: Esc. Márgenes de Corotú | B9: Chiriquí | C9: Barú | D9: Puerto Tomás Armuelles | E9: 3110 | F9: 1 | G9: C&W Panamá | H9: 72
A10: Esc. Sec. de Puerto Armuelles | B10: Chiriquí | C10: Barú | D10: Puerto Tomás Armuelles | E10: 3045 | F10: 1 | G10: C&W Panamá | H10: 74
A11: Esc. Tomás Armuelles | B11: Chiriquí | C11: Barú | D11: Puerto Tomás Armuelles | E11: 1707 | F11: 1 | G11: C&W Panamá | H11: 75
A12: Municipio Puerto Armuelles | B12: Chiriquí | C12: Barú | D12: Puerto Tomás Armuelles | E12: 2776 | F12: 1 | G12: C&W Panamá | H12: 77
A13: Parque Central Puerto Armuelles | B13: Chiriquí | C13: Barú | D13: Puerto Tomás Armuelles | E13: 3470 | F13: 1 | G13: C&W Panamá | H13: 78
... A61: Escuela Paso Canoas Arriba | B61: Chiriquí | C61: Barú | D61: Progreso | E61: 639 | F61: 1 | G61: C&W Panamá | H61: 1638

Sheet BD_DATA_TRANSFERIDA
A1: Nombre | B1: Provincia | C1: Distrito | D1: Corregimiento | E1: Total | F1: Región | G1: PA
A2: Esc. La Esperanza | B2: Chiriquí | C2: Barú | D2: Baco | E2: 74 | F2: 1 | G2: 64
A3: Esc. San Valentín | B3: Chiriquí | C3: Barú | D3: Baco | E3: 124 | F3: 1 | G3: 65
A4: Centro de Educ. Media de Progreso | B4: Chiriquí | C4: Barú | D4: Progreso | E4: 46 | F4: 1 | G4: 66
A5: Esc. Chuchupate | B5: Chiriquí | C5: Barú | D5: Progreso | E5: 191 | F5: 1 | G5: 68
A6: Biblioteca Pública Generosa Valdez de Diaz | B6: Chiriquí | C6: Barú | D6: Puerto Tomás Armuelles | E6: 48 | F6: 1 | G6: 69
A7: Bomberos Puerto Armuelles | B7: Chiriquí | C7: Barú | D7: Puerto Tomás Armuelles | E7: 49 | F7: 1 | G7: 70
A8: Esc. Los Ángeles | B8: Chiriquí | C8: Barú | D8: Puerto Tomás Armuelles | E8: 113 | F8: 1 | G8: 71
A9: Esc. Márgenes de Corotú | B9: Chiriquí | C9: Barú | D9: Puerto Tomás Armuelles | E9: 586 | F9: 1 | G9: 72
A10: Esc. Sec. de Puerto Armuelles | B10: Chiriquí | C10: Barú | D10: Puerto Tomás Armuelles | E10: 81 | F10: 1 | G10: 74
A11: Esc. Tomás Armuelles | B11: Chiriquí | C11: Barú | D11: Puerto Tomás Armuelles | E11: 188 | F11: 1 | G11: 75
A12: Municipio Puerto Armuelles | B12: Chiriquí | C12: Barú | D12: Puerto Tomás Armuelles | E12: 70 | F12: 1 | G12: 77
A13: Parque Central Puerto Armuelles | B13: Chiriquí | C13: Barú | D13: Puerto Tomás Armuelles | E13: 248 | F13: 1 | G13: 78
... A61: Escuela Paso Canoas Arriba | B61: Chiriquí | C61: Barú | D61: Progreso | E61: 89 | F61: 1 | G61: 1638

Sheet BD_MEDUCA
B1: MINISTERIO DE EDUCACIÓN
B2: OFICINA DE ESTADÍSTICA
B3: Actualizado: 19 de Junio de 2024
A4: Código SIACE | B4: Marco Muestral -Sistema Educativo | C4: Dependencia | D4: Estatus | E4: Provincia | F4: Región Escolar | G4: Distrito | H4: Corregimiento | I4: Nombre del Centro Educativo | J4: Área | K4: Indigena | L4: Áreas Comarcales | M4: Decretos (Creación, funcionamiento, cambio nombre, ampliación) | N4: Otros Decretos relacionados(Cambio de nombre, ampliacion, cierre) | O4: Oferta 2023 | P4: Bachiller
A5: 124 | B5: EDUCACIÓN INICIAL | C5: OFICIAL | D5: ACTIVA | E5: BOCAS DEL TORO | F5: BOCAS DEL TORO | G5: BOCAS DEL TORO | H5: BOCAS DEL TORO | I5: COIF ESTADO DE ISRAEL | J5: URBANA | K5: NO | L5: No | M5: NO ESPECIFICADO | O5: PREESCOLAR
A6: 16085 | B6: EDUCACIÓN INICIAL | C6: OFICIAL | D6: ACTIVA | E6: BOCAS DEL TORO | F6: BOCAS DEL TORO | G6: CHANGUINOLA | H6: CHANGUINOLA | I6: CAIPI MIS PRIMEROS PASOS DE TEOBROMA | J6: RURAL | K6: NO | L6: No | M6: NO ESPECIFICADO | O6: PREESCOLAR
A7: 226 | B7: EDUCACIÓN INICIAL-FORMAL | C7: OFICIAL | D7: ACTIVA | E7: BOCAS DEL TORO | F7: BOCAS DEL TORO | G7: CHANGUINOLA | H7: CHANGUINOLA | I7: COIF FROEBELIN | J7: URBANA | K7: NO | L7: No | M7: NO ESPECIFICADO | O7: PREESCOLAR
A8: 5566 | B8: SUBSISTEMA REGULAR | C8: OFICIAL | D8: ACTIVA | E8: BOCAS DEL TORO | F8: BOCAS DEL TORO | G8: CHANGUINOLA | H8: FINCA 30 | I8: ESC. BILINGÜE TEOBROMA | J8: URBANA | K8: NO | L8: No | M8: DEC. 446 DEL 14 DE AGOSTO DE 2018 INCORPORA LA DENOMINACION BILINGÜE AL NOMBRE | O8: PREESCOLAR-PRIMARIA
A9: 109 | B9: SUBSISTEMA REGULAR | C9: OFICIAL | D9: ACTIVA | E9: BOCAS DEL TORO | F9: BOCAS DEL TORO | G9: BOCAS DEL TORO | H9: TIERRA OSCURA | I9: ESC. AGUACATE | J9: INDIGENA | K9: SI | L9: No | M9: DEC. 468 DE 30 DE DICIEMBRE DE 1985 | O9: PRIMARIA
A10: 281 | B10: SUBSISTEMA REGULAR | C10: OFICIAL | D10: ACTIVA | E10: BOCAS DEL TORO | F10: BOCAS DEL TORO | G10: ALMIRANTE | H10: ALMIRANTE | I10: ESC. ALMIRANTE | J10: URBANA | K10: NO | L10: No | M10: DEC.18 DE 19 DE ABRIL DE 1915 | O10: PREESCOLAR-PRIMARIA
A11: 6351 | B11: SUBSISTEMA REGULAR | C11: OFICIAL | D11: ACTIVA | E11: BOCAS DEL TORO | F11: BOCAS DEL TORO | G11: ALMIRANTE | H11: CAUCHERO | I11: ESC. ALTO CAÑA | J11: INDIGENA | K11: SI | L11: No | M11: DEC. 230 DEL 11 DE JUNIO DE 2018. | O11: PRIMARIA
A12: 315 | B12: SUBSISTEMA REGULAR | C12: OFICIAL | D12: ACTIVA | E12: BOCAS DEL TORO | F12: BOCAS DEL TORO | G12: CHANGUINOLA | H12: LAS TABLAS | I12: ESC. ALTO DOS CAÑOS ANEXA | J12: INDIGENA | K12: SI | L12: No | M12: NO ESPECIFICADO | O12: PREESCOLAR-PRIMARIA
A13: 233 | B13: SUBSISTEMA REGULAR | C13: OFICIAL | D13: ACTIVA | E13: BOCAS DEL TORO | F13: BOCAS DEL TORO | G13: CHANGUINOLA | H13: COCHIGRO | I13: ESC. ALTO PITA | J13: INDIGENA | K13: SI | L13: No | M13: NO ESPECIFICADO | O13: PRIMARIA
A14: 5326 | B14: SUBSISTEMA REGULAR | C14: OFICIAL | D14: ACTIVA | E14: BOCAS DEL TORO | F14: BOCAS DEL TORO | G14: ALMIRANTE | H14: CAUCHERO | I14: ESC. ALTO REFUGIO | J14: INDIGENA | K14: SI | L14: No | M14: NO ESPECIFICADO | O14: PRIMARIA
A15: 5874 | B15: SUBSISTEMA REGULAR | C15: OFICIAL | D15: ACTIVA | E15: BOCAS DEL TORO | F15: BOCAS DEL TORO | G15: CHANGUINOLA | H15: COCHIGRO | I15: ESC. ALTO SORI | J15: INDIGENA | K15: SI | L15: No | M15: NO ESPECIFICADO | O15: PRIMARIA
A16: 125 | B16: SUBSISTEMA REGULAR | C16: OFICIAL | D16: ACTIVA | E16: BOCAS DEL TORO | F16: BOCAS DEL TORO | G16: ALMIRANTE | H16: CAUCHERO | I16: ESC. ARCELIO A. FITZGERAL | J16: INDIGENA | K16: SI | L16: No | M16: DEC.19 DE 11 DE ENERO DE 1968 | N16: El dect. 19 del 11 de enero de 1968 cambia el nombre de Escuela "CAUCHERO" por el de "Escuela Arcelio FitzGerald". Este decreto se puede ver | O16: PRIMARIA
A17: 101 | B17: SUBSISTEMA REGULAR | C17: OFICIAL | D17: ACTIVA | E17: BOCAS DEL TORO | F17: BOCAS DEL TORO | G17: BOCAS DEL TORO | H17: BASTIMENTO | I17: ESC. BAHIA HONDA | J17: RURAL | K17: NO | L17: No | M17: NO ESPECIFICADO | O17: PRIMARIA
A18: 375 | B18: SUBSISTEMA REGULAR | C18: OFICIAL | D18: ACTIVA | E18: BOCAS DEL TORO | F18: BOCAS DEL TORO | G18: CHIRIQUÍ GRANDE | H18: CHIRIQUÍ GRANDE | I18: ESC. BAHIA LA BALLENA | J18: INDIGENA | K18: SI | L18: No | M18: NO ESPECIFICADO | O18: PREESCOLAR-PRIMARIA-PREMEDIA
A19: 6350 | B19: SUBSISTEMA REGULAR | C19: OFICIAL | D19: ACTIVA | E19: BOCAS DEL TORO | F19: BOCAS DEL TORO | G19: BOCAS DEL TORO | H19: BASTIMENTO | I19: ESC. BAHIA ROJA | J19: INDIGENA | K19: SI | L19: No | M19: NO ESPECIFICADO | O19: PRIMARIA
A20: 343 | B20: SUBSISTEMA REGULAR | C20: OFICIAL | D20: ACTIVA | E20: BOCAS DEL TORO | F20: BOCAS DEL TORO | G20: CHANGUINOLA | H20: BARRANCO ADENTRO | I20: ESC. BARRANCO MEDIO | J20: INDIGENA | K20: SI | L20: No | M20: NO ESPECIFICADO | O20: PREESCOLAR-PRIMARIA
A21: 5563 | B21: SUBSISTEMA REGULAR | C21: OFICIAL | D21: ACTIVA | E21: BOCAS DEL TORO | F21: BOCAS DEL TORO | G21: ALMIRANTE | H21: BARRIADA GUAYMI | I21: ESC. BARRIADA GUAYMI | J21: URBANA | K21: NO | L21: No | M21: NO ESPECIFICADO | O21: PREESCOLAR-PRIMARIA
A22: 154 | B22: SUBSISTEMA REGULAR | C22: OFICIAL | D22: ACTIVA | E22: BOCAS DEL TORO | F22: BOCAS DEL TORO | G22: BOCAS DEL TORO | H22: BASTIMENTO | I22: ESC. BASTIMENTO | J22: RURAL | K22: NO | L22: No | M22: DEC.18 DE 19 DE ABRIL DE 1915 | O22: PREESCOLAR-PRIMARIA-PREMEDIA
A23: 312 | B23: SUBSISTEMA REGULAR | C23: OFICIAL | D23: ACTIVA | E23: BOCAS DEL TORO | F23: BOCAS DEL TORO | G23: CHANGUINOLA | H23: LAS DELICIAS | I23: ESC. BOCA DE YORKIN | J23: INDIGENA | K23: SI | L23: No | M23: DEC.415 DEL 23 DE AGOSTO DE 1963 | O23: PREESCOLAR-PRIMARIA
A24: 99 | B24: SUBSISTEMA REGULAR | C24: OFICIAL | D24: ACTIVA | E24: BOCAS DEL TORO | F24: BOCAS DEL TORO | G24: BOCAS DEL TORO | H24: BOCAS DEL TORO | I24: ESC. BOCA DE DRAGO | J24: RURAL | K24: NO | L24: No | M24: DEC.18 DE 19 DE ABRIL DE 1915 | N24: El dect. 18 de 19 de abril de 1915 crea la escuela Alternada de Boca del Drago | O24: PREESCOLAR-PRIMARIA
A25: 262 | B25: SUBSISTEMA REGULAR | C25: OFICIAL | D25: ACTIVA | E25: BOCAS DEL TORO | F25: BOCAS DEL TORO | G25: CHANGUINOLA | H25: CHANGUINOLA | I25: C.E.B.G. BILINGÜE CHANGUINOLA | J25: URBANA | K25: NO | L25: No | M25: DEC. 49 DE 13 DE JUNIO DE 1978 | N25: Decreto 446 del 14 de agosto de 2018 incorpora la denominacion Bilingüe al Nombre | O25: PREESCOLAR-PRIMARIA
A26: 478 | B26: SUBSISTEMA REGULAR | C26: OFICIAL | D26: ACTIVA | E26: BOCAS DEL TORO | F26: BOCAS DEL TORO | G26: CHIRIQUÍ GRANDE | H26: BAJO CEDRO | I26: C.E.B.G. BAJO CEDRO | J26: RURAL | K26: NO | L26: No | M26: DEC.107 DE 5 DE MAYO DE 1986 | N26: El dect. 107 de 5 de mayo de 1986 crea la escuela BAJO CEDRO. El dect. 614 del 3/8/2011 crea el centro educativo Bajo EL Cedro | O26: PREESCOLAR-PRIMARIA-PREMEDIA
A27: 338 | B27: SUBSISTEMA REGULAR | C27: OFICIAL | D27: ACTIVA | E27: BOCAS DEL TORO | F27: BOCAS DEL TORO | G27: CHANGUINOLA | H27: LAS TABLAS | I27: C.E.B.G. BILINGÜE NIEVECITA | J27: RURAL | K27: NO | L27: No | M27: DEC. 219 DE 27 DE JUNIO DE 2000 | N27: Dec. 122 del 3 de marzo del 2017 se crea la educacion media las nievecitas.Decreto 446 del 14 de agosto de 2018 incorpora la denominacion Bilingüe al Nombre | O27: PREESCOLAR-PRIMARIA-PREMEDIA
A28: 5320 | B28: SUBSISTEMA REGULAR | C28: OFICIAL | D28: ACTIVA | E28: BOCAS DEL TORO | F28: BOCAS DEL TORO | G28: CHANGUINOLA | H28: EL EMPALME | I28: C.E.B.G. BILINGÜE EL EMPALME | J28: URBANA | K28: NO | L28: No | M28: DEC. 446 DEL 14 DE AGOSTO DE 2018 INCORPORA LA DENOMINACION BILINGÜE AL NOMBRE | O28: PREESCOLAR-PRIMARIA-PREMEDIA
A29: 276 | B29: SUBSISTEMA REGULAR | C29: OFICIAL | D29: ACTIVA | E29: BOCAS DEL TORO | F29: BOCAS DEL TORO | G29: CHANGUINOLA | H29: FINCA 4 | I29: C.E.B.G. BILINGÜE FINCA 04 | J29: RURAL | K29: NO | L29: No | M29: DEC. DECT. 584 DEL 4 DE AGOSTO DE 2004 | N29: El dect. 76 de 9 de abril de 1954 da apertura a la escuela "FINCA CUATRO". El dect. 584 del 4 de agosto de 2004 crea el C. E.B.G. de Finca 4.Decreto 446 del 14 de agosto de 2018 incorpora la denominacion Bilingüe al Nombre | O29: PREESCOLAR-PRIMARIA-PREMEDIA
A30: 231 | B30: SUBSISTEMA REGULAR | C30: OFICIAL | D30: ACTIVA | E30: BOCAS DEL TORO | F30: BOCAS DEL TORO | G30: CHANGUINOLA | H30: FINCA 60 | I30: C.E.B.G. BILINGÜE FINCA 62 | J30: URBANA | K30: NO | L30: No | M30: DEC.34 DE 24 DE ENERO DE 1966 | N30: El dect. 168 de 8 de mayo de 1962 clausura la escuela FINCA 62. El dect. 34 de 24 de enero de 1966 ordena la reapertura de la escuela FINCA 62. El dect. 220 de 27 de junio de 2000 crea el Centro de Educación Básica General de Finca 62.Decreto 446 del 14 de agosto de 2018 incorpora la denominacion Bilingüe al Nombre | O30: PREESCOLAR-PRIMARIA-PREMEDIA
A31: 321 | B31: SUBSISTEMA REGULAR | C31: OFICIAL | D31: ACTIVA | E31: BOCAS DEL TORO | F31: BOCAS DEL TORO | G31: CHANGUINOLA | H31: LA MESA | I31: C.E.B.G. BILINGÜE MARIANO THOMAS | J31: RURAL | K31: NO | L31: No | M31: DEC.70 DE 21 DE MARZO DE 1972 | N31: El dect. 70 de 21 de marzo de 1972 crea la escuela La Mesa. El dect. 128 del 24 de julio de 1997 asigna el nombre de Mariano Thomas a la Escuela La Mesa | O31: PREESCOLAR-PRIMARIA-PREMEDIA
A32: 288 | B32: SUBSISTEMA REGULAR | C32: OFICIAL | D32: ACTIVA | E32: BOCAS DEL TORO | F32: BOCAS DEL TORO | G32: ALMIRANTE | H32: VALLE DEL RISCÓ | I32: C.E.B.G. BILINGÜE VALLE DE RISCO | J32: RURAL | K32: NO | L32: No | M32: DEC.110 DE 4 DE ABRIL DE 1966. DEC. 739 DEL 19 DE NOV. DE 2018 QUE DEROGA EN TODAS SUS PARTES EL DEC. EJECUTIVO NO. 1074 DEL 16 DE DIC. DE 2016 Y SE EMPLEMENTA EL SEGUNDO NIVEL DE ENSEÑANZA O EDUCACION MEDIA. | N32: El dect. 110 de 4 de abril de 1966 crea la escuela Valle de Risco. El dect. 181 de 24 de octubre de 1997 crea el Primer Ciclo Valle del Risco | O32: PREESCOLAR-PRIMARIA-PREMEDIA-MEDIA ACADÉMICA-MEDIA PROFESIONAL Y TÉCNICA | P32: CIENCIAS, TECNOLOGIA E INFORMATICA
A33: 267 | B33: SUBSISTEMA REGULAR | C33: OFICIAL | D33: ACTIVA | E33: BOCAS DEL TORO | F33: BOCAS DEL TORO | G33: CHANGUINOLA | H33: LA GLORIA | I33: C.E.B.G. LA GLORIA | J33: RURAL | K33: NO | L33: No | M33: DEC.20 DE 31 DE ENERO DE 1972 | O33: PREESCOLAR-PRIMARIA-PREMEDIA
A34: 307 | B34: SUBSISTEMA REGULAR | C34: OFICIAL | D34: ACTIVA | E34: BOCAS DEL TORO | F34: BOCAS DEL TORO | G34: ALMIRANTE | H34: NANCE DE RISCO | I34: C.E.B.G. NANCE DE RISCO | J34: INDIGENA | K34: SI | L34: No | M34: DEC.20 DE 31 DE ENERO DE 1972 | N34: El dect. 20 de 31 de enero de 1972 crea la escuela Nance de Risco. El dect. 614 del 3/8/2011 crea el centro educativo Nance de Risco | O34: PREESCOLAR-PRIMARIA-PREMEDIA
A35: 396 | B35: SUBSISTEMA REGULAR | C35: OFICIAL | D35: ACTIVA | E35: BOCAS DEL TORO | F35: BOCAS DEL TORO | G35: CHIRIQUÍ GRANDE | H35: PUNTA PEÑA | I35: C.E.B.G. PUNTA PEÑA | J35: RURAL | K35: NO | L35: No | M35: DEC. 166 DEL 11 DE MAYO DE 1960 | O35: PREESCOLAR-PRIMARIA-PREMEDIA
A36: 5323 | B36: SUBSISTEMA REGULAR | C36: OFICIAL | D36: ACTIVA | E36: BOCAS DEL TORO | F36: BOCAS DEL TORO | G36: ALMIRANTE | H36: VALLE DE AGUAS ARRIBA | I36: C.E.B.G. QUEBRADA PASTOR | J36: INDIGENA | K36: SI | L36: No | M36: DEC.70 DE 21 DE MARZO DE 1972 | N36: El dect. 70 de 21 de marzo de 1972 crea la escuela Quebrada Pastor, en el corregimiento de Valle Riscó. El dect. 581 de 4 de agosto de 2004 crea el C.E.B.G. Quebrada Pastor | O36: PREESCOLAR-PRIMARIA-PREMEDIA
A37: 5324 | B37: SUBSISTEMA REGULAR | C37: OFICIAL | D37: ACTIVA | E37: BOCAS DEL TORO | F37: BOCAS DEL TORO | G37: CHANGUINOLA | H37: EL TERIBE | I37: C.E.B.G. SIEYICK | J37: INDIGENA | K37: SI | L37: NASO | M37: NO ESPECIFICADO | O37: PREESCOLAR-PRIMARIA-PREMEDIA | P37: TURISMO
A38: 339 | B38: SUBSISTEMA REGULAR | C38: OFICIAL | D38: ACTIVA | E38: BOCAS DEL TORO | F38: BOCAS DEL TORO | G38: CHANGUINOLA | H38: GUABITO | I38: C.E.B.G. BILINGÜE GUABITO | J38: RURAL | K38: NO | L38: No | M38: DEC. 49 DE 13 DE JUNIO DE 1978 | N38: Decreto 446 del 14 de agosto de 2018 incorpora la denominacion Bilingüe al Nombre | O38: PREESCOLAR-PRIMARIA-PREMEDIA
A39: 374 | B39: SUBSISTEMA REGULAR | C39: OFICIAL | D39: ACTIVA | E39: BOCAS DEL TORO | F39: BOCAS DEL TORO | G39: CHANGUINOLA | H39: COCHIGRO | I39: ESC. CABLE VIA | J39: INDIGENA | K39: SI | L39: No | M39: NO ESPECIFICADO | O39: PRIMARIA
A40: 127 | B40: SUBSISTEMA REGULAR | C40: OFICIAL | D40: ACTIVA | E40: BOCAS DEL TORO | F40: BOCAS DEL TORO | G40: BOCAS DEL TORO | H40: BOCAS DEL TORO | I40: ESC. CARENERO | J40: RURAL | K40: NO | L40: No | M40: DEC.101 DE 7 DE ABRIL DE 1961 | O40: PREESCOLAR-PRIMARIA
A41: 108 | B41: SUBSISTEMA REGULAR | C41: OFICIAL | D41: ACTIVA | E41: BOCAS DEL TORO | F41: BOCAS DEL TORO | G41: ALMIRANTE | H41: CAUCHERO | I41: ESC. CAUCHERO ARRIBA | J41: INDIGENA | K41: SI | L41: No | M41: DEC.150 DE 30 DE JUNIO DE 1986 | O41: PRIMARIA
A42: 175 | B42: SUBSISTEMA REGULAR | C42: OFICIAL | D42: ACTIVA | E42: BOCAS DEL TORO | F42: BOCAS DEL TORO | G42: BOCAS DEL TORO | H42: PUNTA LAUREL | I42: ESC. CAYO DE AGUA | J42: RURAL | K42: NO | L42: No | M42: DEC. 1071 DEL 25 DE NOVIEMBRE DE 2016. | N42: que crea los centros educativos que implementan el Programa de Educacion Premedia y Media con metodologia Escuela Nueva Escuela Activa (ENEA) | O42: PREESCOLAR-PRIMARIA-PREMEDIA-MEDIA PROFESIONAL Y TÉCNICA | P42: COMERCIO
A43: 97 | B43: SUBSISTEMA REGULAR | C43: OFICIAL | D43: ACTIVA | E43: BOCAS DEL TORO | F43: BOCAS DEL TORO | G43: BOCAS DEL TORO | H43: TIERRA OSCURA | I43: ESC. CERRO BRUJO | J43: INDIGENA | K43: SI | L43: No | M43: DEC.18 DE 26 DE FEBRERO DE 1980 | O43: PREESCOLAR-PRIMARIA
A44: 258 | B44: SUBSISTEMA REGULAR | C44: OFICIAL | D44: ACTIVA | E44: BOCAS DEL TORO | F44: BOCAS DEL TORO | G44: CHANGUINOLA | H44: EL EMPALME | I44: ESC. CHARAGRE | J44: RURAL | K44: NO | L44: No | M44: DEC.415 DEL 23 DE AGOSTO DE 1963 | O44: PREESCOLAR-PRIMARIA
A45: 367 | B45: SUBSISTEMA REGULAR | C45: OFICIAL | D45: ACTIVA | E45: BOCAS DEL TORO | F45: BOCAS DEL TORO | G45: ALMIRANTE | H45: VALLE DEL RISCÓ | I45: ESC. CHARCO LA PAVA | J45: INDIGENA | K45: SI | L45: No | M45: NO ESPECIFICADO | O45: PREESCOLAR-PRIMARIA
A46: 357 | B46: SUBSISTEMA REGULAR | C46: OFICIAL | D46: ACTIVA | E46: BOCAS DEL TORO | F46: BOCAS DEL TORO | G46: CHANGUINOLA | H46: GUABITO | I46: COLEGIO SECUNDARIO DE GUABITO | J46: URBANA | K46: NO | L46: No | M46: DEC. 303 DEL 21 DE AGOSTO DE 2000. | O46: MEDIA ACADÉMICA-MEDIA PROFESIONAL Y TÉCNICA | P46: CIENCIAS, TURISMO, TECNOLOGIA E INFORMATICA
A47: 122 | B47: SUBSISTEMA REGULAR | C47: OFICIAL | D47: ACTIVA | E47: BOCAS DEL TORO | F47: BOCAS DEL TORO | G47: BOCAS DEL TORO | H47: BOCAS DEL TORO | I47: COLEGIO ROGELIO JOSUÉ IBARRA | J47: RURAL | K47: NO | L47: No | M47: DEC.1393 DE 2 DE MAYO DE 1946 | N47: El dect. 1393 de 2 de mayo de 1946 crea el primer Ciclo de Bocas del Toro. El dect. 639 de 7 de noviembre de 1969 cambia el nombre del PRIMER CICLO DE BOCAS DEL TORO por el de COLEGIO SECUNDARIO DE BOCAS DEL TORO. El dect. 159 de 4 de julio de 1990 denomina ROGELIO JOSUE IBARRA, al Colegio Secundario de Bocas del Toro | O47: PREMEDIA-MEDIA ACADÉMICA | P47: CIENCIAS, HUMANIDADES,TURISMO
A48: 334 | B48: SUBSISTEMA REGULAR | C48: OFICIAL | D48: ACTIVA | E48: BOCAS DEL TORO | F48: BOCAS DEL TORO | G48: CHANGUINOLA | H48: LAS TABLAS | I48: COLEGIO SECUNDARIO NIEVECITA | J48: RURAL | K48: NO | L48: No | M48: DEC. EJECUTIVO 122 DEL 3 DE MARZO DE 2017 QUE CREA EL CENTRO DE EDUCACIÓN MEDIA | O48: MEDIA ACADÉMICA | P48: CIENCIAS
A49: 291 | B49: SUBSISTEMA REGULAR | C49: OFICIAL | D49: ACTIVA | E49: BOCAS DEL TORO | F49: BOCAS DEL TORO | G49: ALMIRANTE | H49: ALMIRANTE | I49: COLEGIO SECUNDARIO DE ALMIRANTE | J49: URBANA | K49: NO | L49: No | M49: NO ESPECIFICADO | O49: PREMEDIA-MEDIA ACADÉMICA-MEDIA PROFESIONAL Y TÉCNICA | P49: CIENCIAS, COMERCIO, CONTABILIDAD, TECNOLOGIA INFORMATICA
A50: 128 | B50: SUBSISTEMA REGULAR | C50: OFICIAL | D50: ACTIVA | E50: BOCAS DEL TORO | F50: BOCAS DEL TORO | G50: BOCAS DEL TORO | H50: BOCAS DEL TORO | I50: ESC. COLONIA SANTEÑA | J50: RURAL | K50: NO | L50: No | M50: NO ESPECIFICADO | O50: PRIMARIA
A51: 261 | B51: SUBSISTEMA REGULAR | C51: OFICIAL | D51: ACTIVA | E51: BOCAS DEL TORO | F51: BOCAS DEL TORO | G51: CHANGUINOLA | H51: COCHIGRO | I51: ESC. CORRIENTE GRANDE | J51: INDIGENA | K51: SI | L51: No | M51: NO ESPECIFICADO | O51: PRIMARIA
A52: 254 | B52: SUBSISTEMA REGULAR | C52: OFICIAL | D52: ACTIVA | E52: BOCAS DEL TORO | F52: BOCAS DEL TORO | G52: CHANGUINOLA | H52: EL TERIBE | I52: ESC. CUN KING | J52: INDIGENA | K52: SI | L52: NASO | M52: NO ESPECIFICADO | O52: PRIMARIA
A53: 314 | B53: SUBSISTEMA REGULAR | C53: OFICIAL | D53: ACTIVA | E53: BOCAS DEL TORO | F53: BOCAS DEL TORO | G53: CHANGUINOLA | H53: GUABITO | I53: ESC. DEBORÁ | J53: INDIGENA | K53: SI | L53: No | M53: NO ESPECIFICADO | O53: PREESCOLAR-PRIMARIA
A54: 346 | B54: SUBSISTEMA REGULAR | C54: OFICIAL | D54: ACTIVA | E54: BOCAS DEL TORO | F54: BOCAS DEL TORO | G54: CHANGUINOLA | H54: LAS TABLAS | I54: ESC. DOS CAÑOS | J54: INDIGENA | K54: SI | L54: No | M54: NO ESPECIFICADO | O54: PREESCOLAR-PRIMARIA-PREMEDIA
A55: 474 | B55: SUBSISTEMA REGULAR | C55: OFICIAL | D55: ACTIVA | E55: BOCAS DEL TORO | F55: BOCAS DEL TORO | G55: CHIRIQUÍ GRANDE | H55: BAJO CEDRO | I55: ESC. EL ESCOBAL | J55: INDIGENA | K55: SI | L55: No | M55: DEC.110 DE 4 DE ABRIL DE 1966 | O55: PRIMARIA
A56: 4919 | B56: SUBSISTEMA REGULAR | C56: OFICIAL | D56: ACTIVA | E56: BOCAS DEL TORO | F56: BOCAS DEL TORO | G56: CHANGUINOLA | H56: FINCA 06 | I56: ESC. BILINGÜE 4 DE ABRIL | J56: RURAL | K56: NO | L56: No | M56: DEC. 446 DEL 14 DE AGOSTO DE 2018 INCORPORA LA DENOMINACION BILINGÜE AL NOMBRE | O56: PREESCOLAR-PRIMARIA
A57: 313 | B57: SUBSISTEMA REGULAR | C57: OFICIAL | D57: ACTIVA | E57: BOCAS DEL TORO | F57: BOCAS DEL TORO | G57: CHANGUINOLA | H57: BARRANCO ADENTRO | I57: ESC. BILINGÜE BARRANCO ADENTRO | J57: INDIGENA | K57: SI | L57: No | M57: DEC. 446 DEL 14 DE AGOSTO DE 2018 INCORPORA LA DENOMINACION BILINGÜE AL NOMBRE | O57: PREESCOLAR-PRIMARIA-PREMEDIA
A58: 311 | B58: SUBSISTEMA REGULAR | C58: OFICIAL | D58: ACTIVA | E58: BOCAS DEL TORO | F58: BOCAS DEL TORO | G58: ALMIRANTE | H58: ALMIRANTE | I58: ESC. BILINGÜE BERTA LOPEZ | J58: RURAL | K58: NO | L58: No | M58: DEC.62 DE 9 DE MARZO DE 1993 | N58: El dcrto 62 de 9 de marzo de 1993 da el nombre de BERTA A. LOPEZ C., a la escuela de MILLA 01. Decreto 446 del 14 de agosto de 2018 incorpora la denominacion Bilingüe al Nombre | O58: PREESCOLAR-PRIMARIA
A59: 392 | B59: SUBSISTEMA REGULAR | C59: OFICIAL | D59: ACTIVA | E59: BOCAS DEL TORO | F59: BOCAS DEL TORO | G59: CHIRIQUÍ GRANDE | H59: PUNTA PEÑA | I59: ESC. BILINGÜE CAÑAZAS | J59: INDIGENA | K59: SI | L59: No | M59: DEC.107 DE 5 DE MAYO DE 1986 | N59: Decreto 446 del 14 de agosto de 2018 incorpora la denominacion Bilingüe al Nombre | O59: PREESCOLAR-PRIMARIA-PREMEDIA
A60: 403 | B60: SUBSISTEMA REGULAR | C60: OFICIAL | D60: ACTIVA | E60: BOCAS DEL TORO | F60: BOCAS DEL TORO | G60: CHIRIQUÍ GRANDE | H60: CHIRIQUÍ GRANDE | I60: ESC. BILINGÜE DIONISIA G. DE AYARZA | J60: RURAL | K60: NO | L60: No | M60: DEC. 446 DEL 14 DE AGOSTO DE 2018 INCORPORA LA DENOMINACION BILINGÜE AL NOMBRE | N60: Dec. 10 del 23 de febrero 2022 que legaliza la implementacion del segundo nivel de enseñanzao de educacion media (Bachiller en Ciencias). | O60: PREESCOLAR-PRIMARIA-PREMEDIA-MEDIA ACADÉMICA | P60: CIENCIAS
A61: 250 | B61: SUBSISTEMA REGULAR | C61: OFICIAL | D61: ACTIVA | E61: BOCAS DEL TORO | F61: BOCAS DEL TORO | G61: CHANGUINOLA | H61: EL SILENCIO | I61: ESC. BILINGÜE EL SILENCIO | J61: URBANA | K61: NO | L61: No | M61: DEC.110 DE 4 DE ABRIL DE 1966 | N61: dec. 614 del 3 de agosto de 2011 se crea el Centro Educativo El Silencio.Decreto 446 del 14 de agosto de 2018 incorpora la denominacion Bilingüe al Nombre | O61: PREESCOLAR-PRIMARIA
A62: 280 | B62: SUBSISTEMA REGULAR | C62: OFICIAL | D62: ACTIVA | E62: BOCAS DEL TORO | F62: BOCAS DEL TORO | G62: CHANGUINOLA | H62: FINCA 06 | I62: ESC. BILINGÜE FINCA 41 | J62: URBANA | K62: NO | L62: No | M62: DEC. 446 DEL 14 DE AGOSTO DE 2018 INCORPORA LA DENOMINACION BILINGÜE AL NOMBRE | O62: PREESCOLAR-PRIMARIA
A63: 93 | B63: SUBSISTEMA REGULAR | C63: OFICIAL | D63: ACTIVA | E63: BOCAS DEL TORO | F63: BOCAS DEL TORO | G63: BOCAS DEL TORO | H63: BOCAS DEL TORO | I63: ESC. BILINGÜE REPUBLICA DE NICARAGUA | J63: RURAL | K63: NO | L63: No | M63: DEC.61 DE 1 DE OCTUBRE DE 1929 | N63: El dcrto 61 de 1° de octubre de 1929 da el nombre de República de Nicaragua a la Escuela de Bocas del Toro. El dcrto 606 de 23 de noviembre de 1954 le da el nombre de "ESCUELA MIXTA DE BOCAS DEL TORO". El dcrto 664 del 14 de diciembre de 1954 le asigna el nombre: República de Nicaragua No.1. Decreto 446 del 14 de agosto de 2018 incorpora la denominacion Bilingüe al Nombre | O63: PREESCOLAR-PRIMARIA
A64: 247 | B64: SUBSISTEMA REGULAR | C64: OFICIAL | D64: ACTIVA | E64: BOCAS DEL TORO | F64: BOCAS DEL TORO | G64: ALMIRANTE | H64: BARRIADA GUAYMI | I64: ESC. BELLA VISTA | J64: INDIGENA | K64: SI | L64: No | M64: NO ESPECIFICADO | O64: PREESCOLAR-PRIMARIA-PREMEDIA
A65: 208 | B65: SUBSISTEMA REGULAR | C65: OFICIAL | D65: ACTIVA | E65: BOCAS DEL TORO | F65: BOCAS DEL TORO | G65: CHANGUINOLA | H65: FINCA 30 | I65: ESC. BILINGÜE FINCA 32 | J65: URBANA | K65: NO | L65: No | M65: DEC. 446 DEL 14 DE AGOSTO DE 2018 INCORPORA LA DENOMINACION BILINGÜE AL NOMBRE | O65: PREESCOLAR-PRIMARIA-PREMEDIA-MEDIA ACADÉMICA | P65: CIENCIAS
A66: 5564 | B66: SUBSISTEMA REGULAR | C66: OFICIAL | D66: ACTIVA | E66: BOCAS DEL TORO | F66: BOCAS DEL TORO | G66: CHANGUINOLA | H66: FINCA 12 | I66: ESC. FINCA 11 | J66: URBANA | K66: NO | L66: No | M66: NO ESPECIFICADO | O66: PREESCOLAR-PRIMARIA
A67: 5870 | B67: SUBSISTEMA REGULAR | C67: OFICIAL | D67: ACTIVA | E67: BOCAS DEL TORO | F67: BOCAS DEL TORO | G67: CHANGUINOLA | H67: FINCA 60 | I67: ESC. FINCA 61 | J67: RURAL | K67: NO | L67: No | M67: NO ESPECIFICADO | O67: PREESCOLAR-PRIMARIA
A68: 274 | B68: SUBSISTEMA REGULAR | C68: OFICIAL | D68: ACTIVA | E68: BOCAS DEL TORO | F68: BOCAS DEL TORO | G68: CHANGUINOLA | H68: EL EMPALME | I68: ESC. FINCA 02 | J68: URBANA | K68: NO | L68: No | M68: DEC. 415 DE 10 DE MAYO DE 1971 | O68: PREESCOLAR-PRIMARIA
A69: 275 | B69: SUBSISTEMA REGULAR | C69: OFICIAL | D69: ACTIVA | E69: BOCAS DEL TORO | F69: BOCAS DEL TORO | G69: CHANGUINOLA | H69: EL EMPALME | I69: ESC. FINCA 03 | J69: RURAL | K69: NO | L69: No | M69: DEC. 247 DE 16 DE JULIO DE 1985 | O69: PREESCOLAR-PRIMARIA
A70: 235 | B70: SUBSISTEMA REGULAR | C70: OFICIAL | D70: ACTIVA | E70: BOCAS DEL TORO | F70: BOCAS DEL TORO | G70: CHANGUINOLA | H70: EL EMPALME | I70: ESC. FINCA 15 | J70: URBANA | K70: NO | L70: No | M70: NO ESPECIFICADO | O70: PREESCOLAR-PRIMARIA
A71: 240 | B71: SUBSISTEMA REGULAR | C71: OFICIAL | D71: ACTIVA | E71: BOCAS DEL TORO | F71: BOCAS DEL TORO | G71: CHANGUINOLA | H71: GUABITO | I71: ESC. FINCA 41 ANEXA GUABITO | J71: RURAL | K71: NO | L71: No | M71: NO ESPECIFICADO | O71: PREESCOLAR-PRIMARIA
A72: 325 | B72: SUBSISTEMA REGULAR | C72: OFICIAL | D72: ACTIVA | E72: BOCAS DEL TORO | F72: BOCAS DEL TORO | G72: CHANGUINOLA | H72: FINCA 06 | I72: ESC. FINCA 43 | J72: URBANA | K72: NO | L72: No | M72: NO ESPECIFICADO | O72: PREESCOLAR-PRIMARIA
A73: 266 | B73: SUBSISTEMA REGULAR | C73: OFICIAL | D73: ACTIVA | E73: BOCAS DEL TORO | F73: BOCAS DEL TORO | G73: CHANGUINOLA | H73: FINCA 06 | I73: ESC. FINCA 44 | J73: URBANA | K73: NO | L73: No | M73: DEC.763 DE 9 DE DICIEMBRE DE 1969 | O73: PREESCOLAR-PRIMARIA
A74: 317 | B74: SUBSISTEMA REGULAR | C74: OFICIAL | D74: ACTIVA | E74: BOCAS DEL TORO | F74: BOCAS DEL TORO | G74: CHANGUINOLA | H74: FINCA 51 | I74: ESC. FINCA 54 | J74: RURAL | K74: NO | L74: No | M74: DEC. 742 DE 30 DE NOVIEMBRE DE 1957 | O74: PREESCOLAR-PRIMARIA
A75: 265 | B75: SUBSISTEMA REGULAR | C75: OFICIAL | D75: ACTIVA | E75: BOCAS DEL TORO | F75: BOCAS DEL TORO | G75: CHANGUINOLA | H75: FINCA 60 | I75: ESC. FINCA 64 | J75: URBANA | K75: NO | L75: No | M75: DEC. 247 DE 22 DE MARZO DE 1972 | O75: PREESCOLAR-PRIMARIA
A76: 236 | B76: SUBSISTEMA REGULAR | C76: OFICIAL | D76: ACTIVA | E76: BOCAS DEL TORO | F76: BOCAS DEL TORO | G76: CHANGUINOLA | H76: FINCA 66 | I76: ESC. BILINGÜE FINCA 66 | J76: URBANA | K76: NO | L76: No | M76: DEC. 614 DEL 3/8/2011 CREA EL CENTRO EDUCATIVO FINCA 66 | O76: PREESCOLAR-PRIMARIA
A77: 264 | B77: SUBSISTEMA REGULAR | C77: OFICIAL | D77: ACTIVA | E77: BOCAS DEL TORO | F77: BOCAS DEL TORO | G77: CHANGUINOLA | H77: FINCA 66 | I77: ESC. FINCA 67 | J77: RURAL | K77: NO | L77: No | M77: DEC. 614 DEL 3/8/2011 CREA EL CENTRO EDUCATIVO FINCA 67 | O77: PREESCOLAR-PRIMARIA
A78: 316 | B78: SUBSISTEMA REGULAR | C78: OFICIAL | D78: ACTIVA | E78: BOCAS DEL TORO | F78: BOCAS DEL TORO | G78: CHANGUINOLA | H78: GUABITO | I78: ESC. FINCA CALIFORNIA | J78: INDIGENA | K78: SI | L78: No | M78: NO ESPECIFICADO | O78: PREESCOLAR-PRIMARIA
A79: 213 | B79: SUBSISTEMA REGULAR | C79: OFICIAL | D79: ACTIVA | E79: BOCAS DEL TORO | F79: BOCAS DEL TORO | G79: CHANGUINOLA | H79: FINCA 06 | I79: I.P.T. BOCAS DEL TORO | J79: URBANA | K79: NO | L79: No | M79: DEC. 87 DE 23 DE MAYO DE 1970 | N79: El dect. 87 de 23 de mayo de 1970 crea el Primer Ciclo de Changuinola. El dect. 99 de 5 de mayo de 1986 fusiona los colegios I.P.T. de Bocas del Toro y el Primer Ciclo de Changuinola | O79: PREMEDIA-MEDIA ACADÉMICA-MEDIA PROFESIONAL Y TÉCNICA | P79: CIENCIAS, AUTOTRONICA, ELECTRICIDAD ELECTRÓNICA ,TECN.MECÁNICA, CONSTRUCCION SERV.Y GEST INST, EBANISTERIA
A80: 409 | B80: SUBSISTEMA REGULAR | C80: OFICIAL | D80: ACTIVA | E80: BOCAS DEL TORO | F80: BOCAS DEL TORO | G80: CHIRIQUÍ GRANDE | H80: CHIRIQUÍ GRANDE | I80: I.P.T. CHIRIQUI GRANDE | J80: RURAL | K80: NO | L80: No | M80: DEC. 49 DE 13 DE JUNIO DE 1978. | O80: MEDIA ACADÉMICA-MEDIA PROFESIONAL Y TÉCNICA | P80: CIENCIAS, AGROPECUARIO
A81: 212 | B81: SUBSISTEMA REGULAR | C81: OFICIAL | D81: ACTIVA | E81: BOCAS DEL TORO | F81: BOCAS DEL TORO | G81: CHANGUINOLA | H81: EL SILENCIO | I81: I.P.T. EL SILENCIO | J81: RURAL | K81: NO | L81: No | M81: DEC.11 DE 21 DE FEBRERO DE 1985 | N81: El dect. 49 de 13 de junio de 1978 crea el C.E.B.G. El Silencio. El dect. 11 de 21 de febrero de 1985 crea el I.P.T. El Silencio. El dect. 614 del 3/8/2011 crea el centro educativo El Silencio | O81: PREMEDIA-MEDIA ACADÉMICA-MEDIA PROFESIONAL Y TÉCNICA | P81: CIENCIAS, COMERCIO,AGROPECUARIO
A82: 174 | B82: SUBSISTEMA REGULAR | C82: OFICIAL | D82: ACTIVA | E82: BOCAS DEL TORO | F82: BOCAS DEL TORO | G82: BOCAS DEL TORO | H82: PUNTA LAUREL | I82: ESC. ISLA POPA Nº2 | J82: INDIGENA | K82: SI | L82: No | M82: NO ESPECIFICADO | O82: PREESCOLAR-PRIMARIA-PREMEDIA
A83: 176 | B83: SUBSISTEMA REGULAR | C83: OFICIAL | D83: ACTIVA | E83: BOCAS DEL TORO | F83: BOCAS DEL TORO | G83: BOCAS DEL TORO | H83: PUNTA LAUREL | I83: ESC. ISLA TIGRE | J83: INDIGENA | K83: SI | L83: No | M83: NO ESPECIFICADO | O83: PREESCOLAR-PRIMARIA-PREMEDIA
A84: 471 | B84: SUBSISTEMA REGULAR | C84: OFICIAL | D84: ACTIVA | E84: BOCAS DEL TORO | F84: BOCAS DEL TORO | G84: CHIRIQUÍ GRANDE | H84: BAJO CEDRO | I84: ESC. LA CONGA | J84: INDIGENA | K84: SI | L84: No | M84: NO ESPECIFICADO | O84: PRIMARIA
A85: 468 | B85: SUBSISTEMA REGULAR | C85: OFICIAL | D85: ACTIVA | E85: BOCAS DEL TORO | F85: BOCAS DEL TORO | G85: CHIRIQUÍ GRANDE | H85: MIRAMAR | I85: ESC. LAS CAÑAS | J85: INDIGENA | K85: SI | L85: No | M85: NO ESPECIFICADO | O85: PREESCOLAR-PRIMARIA
A86: 105 | B86: SUBSISTEMA REGULAR | C86: OFICIAL | D86: ACTIVA | E86: BOCAS DEL TORO | F86: BOCAS DEL TORO | G86: ALMIRANTE | H86: CAUCHERO | I86: ESC. LOMA AZUL | J86: RURAL | K86: NO | L86: No | M86: NO ESPECIFICADO | O86: PREESCOLAR-PRIMARIA-PREMEDIA
A87: 244 | B87: SUBSISTEMA REGULAR | C87: OFICIAL | D87: ACTIVA | E87: BOCAS DEL TORO | F87: BOCAS DEL TORO | G87: CHANGUINOLA | H87: EL TERIBE | I87: ESC. LOMA BANDERA | J87: INDIGENA | K87: SI | L87: NASO | M87: NO ESPECIFICADO | O87: PRIMARIA
A88: 107 | B88: SUBSISTEMA REGULAR | C88: OFICIAL | D88: ACTIVA | E88: BOCAS DEL TORO | F88: BOCAS DEL TORO | G88: ALMIRANTE | H88: CAUCHERO | I88: ESC. LOMA ESTRELLA | J88: RURAL | K88: NO | L88: No | M88: NO ESPECIFICADO | O88: PREESCOLAR-PRIMARIA-PREMEDIA
A89: 245 | B89: SUBSISTEMA REGULAR | C89: OFICIAL | D89: ACTIVA | E89: BOCAS DEL TORO | F89: BOCAS DEL TORO | G89: CHANGUINOLA | H89: LA GLORIA | I89: ESC. LOMA MULETO | J89: INDIGENA | K89: SI | L89: No | M89: NO ESPECIFICADO | O89: PREESCOLAR-PRIMARIA-PREMEDIA
A90: 407 | B90: SUBSISTEMA REGULAR | C90: OFICIAL | D90: ACTIVA | E90: BOCAS DEL TORO | F90: BOCAS DEL TORO | G90: CHIRIQUÍ GRANDE | H90: MIRAMAR | I90: ESC. LOS CHIRICANOS | J90: INDIGENA | K90: SI | L90: No | M90: NO ESPECIFICADO | O90: PREESCOLAR-PRIMARIA
A91: 104 | B91: SUBSISTEMA REGULAR | C91: OFICIAL | D91: ACTIVA | E91: BOCAS DEL TORO | F91: BOCAS DEL TORO | G91: ALMIRANTE | H91: CAUCHERO | I91: ESC. LOS HIGUERONES | J91: RURAL | K91: NO | L91: No | M91: DEC. 699 DE 7 DE OCTUBRE DE 1993 | O91: PREESCOLAR-PRIMARIA
A92: 384 | B92: SUBSISTEMA REGULAR | C92: OFICIAL | D92: ACTIVA | E92: BOCAS DEL TORO | F92: BOCAS DEL TORO | G92: CHIRIQUÍ GRANDE | H92: MIRAMAR | I92: ESC. LOS MOLEJONES | J92: INDIGENA | K92: SI | L92: No | M92: NO ESPECIFICADO | O92: PREESCOLAR-PRIMARIA
A93: 115 | B93: SUBSISTEMA REGULAR | C93: OFICIAL | D93: ACTIVA | E93: BOCAS DEL TORO | F93: BOCAS DEL TORO | G93: BOCAS DEL TORO | H93: BOCAS DEL TORO | I93: ESC. LUIS FLORES | J93: RURAL | K93: NO | L93: No | M93: NO ESPECIFICADO | O93: PRIMARIA
... A97: 306 | B97: SUBSISTEMA REGULAR | C97: OFICIAL | D97: ACTIVA | E97: BOCAS DEL TORO | F97: BOCAS DEL TORO | G97: ALMIRANTE | H97: MIRAFLORES | I97: ESC. MIRAFLORES | J97: RURAL | K97: NO | L97: No | M97: NO ESPECIFICADO | O97: PREESCOLAR-PRIMARIA
A98: 465 | B98: SUBSISTEMA REGULAR | C98: OFICIAL | D98: ACTIVA | E98: BOCAS DEL TORO | F98: BOCAS DEL TORO | G98: CHIRIQUÍ GRANDE | H98: MIRAMAR | I98: ESC. MIRAMAR | J98: RURAL | K98: NO | L98: No | M98: DEC. 53 DE 24 DE ABRIL DE 1959 | N98: El dect. 104 de 13 de junio de 1949 crea la escuela Miramar. El dect. 591 de 3 de octubre de 1955 clausura la escuela Miramar. El dect. 53 del 24 de abril de 1959 crea la escuela Miramar | O98: PREESCOLAR-PRIMARIA
A99: 498 | B99: SUBSISTEMA REGULAR | C99: OFICIAL | D99: ACTIVA | E99: BOCAS DEL TORO | F99: BOCAS DEL TORO | G99: CHIRIQUÍ GRANDE | H99: RAMBALA | I99: ESC. NUEVA ESTRELLA | J99: INDIGENA | K99: SI | L99: No | M99: NO ESPECIFICADO | O99: PREESCOLAR-PRIMARIA-PREMEDIA
A100: 1888 | B100: SUBSISTEMA REGULAR | C100: OFICIAL | D100: ACTIVA | E100: BOCAS DEL TORO | F100: BOCAS DEL TORO | G100: ALMIRANTE | H100: NANCE DE RISCO | I100: ESC. NUEVA ZELANDIA | J100: INDIGENA | K100: SI | L100: No | M100: DEC.121 DE 13 DE MAYO DE 1987 | O100: PRIMARIA
A101: 300 | B101: SUBSISTEMA REGULAR | C101: OFICIAL | D101: ACTIVA | E101: BOCAS DEL TORO | F101: BOCAS DEL TORO | G101: ALMIRANTE | H101: BARRIADA GUAYMI | I101: ESC. NUEVO PARAISO | J101: RURAL | K101: NO | L101: No | M101: NO ESPECIFICADO | O101: PREESCOLAR-PRIMARIA
A102: 309 | B102: SUBSISTEMA REGULAR | C102: OFICIAL | D102: ACTIVA | E102: BOCAS DEL TORO | F102: BOCAS DEL TORO | G102: ALMIRANTE | H102: MIRAFLORES | I102: ESC. OJO DE AGUA | J102: RURAL | K102: NO | L102: No | M102: DEC.110 DE 4 DE ABRIL DE 1966 | O102: PRIMARIA
A103: 139 | B103: SUBSISTEMA REGULAR | C103: OFICIAL | D103: ACTIVA | E103: BOCAS DEL TORO | F103: BOCAS DEL TORO | G103: ALMIRANTE | H103: VALLE DEL RISCÓ | I103: ESC. ORIENTE DE RISCO | J103: INDIGENA | K103: SI | L103: No | M103: NO ESPECIFICADO | O103: PREESCOLAR-PRIMARIA
...
